speed_kmh,ambient_temp_c,soc_percent,road_slope_pct,hvac_power_kw,consumption_wh_per_km,remaining_range_km
24.1,6.9,33.8,3.03,1.83,270.9,23.2
28.5,32.8,21.8,1.32,2.38,256.0,17.7
109.8,22.9,36.5,0.18,0.0,286.9,25.2
27.9,16.9,33.6,-1.32,0.0,132.5,55.1
78.7,-3.0,67.4,-0.04,4.2,272.0,39.8
41.1,-3.0,95.9,3.28,4.45,322.0,47.0
94.4,-7.4,71.7,1.74,4.5,323.5,31.6
82.9,29.0,93.4,0.41,1.39,249.8,80.7
51.3,17.1,80.6,1.85,0.0,204.3,82.6
51.4,21.9,75.5,1.09,0.0,193.1,82.8
46.0,-9.1,47.3,0.79,4.5,279.8,23.1
87.9,33.6,39.2,1.96,2.25,291.7,29.0
39.5,27.5,86.2,1.03,1.2,208.8,92.4
120.0,-0.4,91.5,1.72,3.3,350.0,42.9
37.9,-1.8,50.7,0.32,3.71,263.9,29.9
42.0,-1.7,10.8,-0.51,3.5,241.2,7.2
38.7,3.7,81.3,-1.1,2.62,213.3,72.2
36.5,13.6,35.7,-1.33,0.0,139.9,52.1
86.7,9.4,10.9,-3.21,0.88,196.2,11.2
84.2,3.1,82.4,-1.82,2.58,232.6,65.1
83.6,17.5,56.6,-1.88,0.0,200.1,60.1
56.1,-3.7,71.7,-1.01,4.39,246.1,44.1
89.8,3.1,92.3,3.12,3.03,321.0,51.7
69.2,6.5,58.7,-0.32,2.16,229.3,48.5
99.4,10.5,55.3,0.48,0.85,276.5,40.9
49.2,25.3,36.2,0.55,0.51,192.5,42.9
31.1,-1.0,37.5,3.18,4.13,335.3,18.3
43.7,13.1,81.7,-1.15,0.0,150.2,109.6
80.2,16.7,50.4,-0.45,0.0,215.3,50.4
24.2,-7.9,24.7,-0.21,4.5,332.4,10.6
49.3,17.3,18.5,2.27,0.0,208.2,19.8
58.2,-2.3,52.6,2.69,4.5,303.6,27.4
104.4,-7.1,51.8,0.95,4.5,329.1,22.4
94.9,32.7,68.8,2.47,2.46,313.8,44.6
39.7,33.5,52.4,0.36,2.29,226.2,49.8
52.2,26.4,22.9,-0.35,0.8,187.9,28.9
104.7,3.7,55.7,2.36,2.6,332.5,29.7
102.2,-5.6,91.6,0.98,4.5,325.4,42.4
74.8,20.8,24.3,-1.47,0.0,190.2,27.1
108.2,9.8,72.1,1.99,0.92,318.9,43.1
95.9,-4.5,63.4,-0.42,4.5,293.8,33.3
98.9,12.3,77.4,-0.66,0.0,249.6,64.0
24.7,-8.5,23.6,1.79,4.5,350.0,8.7
107.8,30.9,94.7,-0.18,1.9,294.4,72.2
83.1,1.6,65.9,0.78,3.29,278.6,41.2
103.3,19.8,86.2,1.32,0.0,289.1,64.3
55.5,4.0,32.2,-1.57,2.27,199.7,28.6
51.7,13.4,76.5,0.77,0.0,188.7,86.2
53.7,14.6,80.3,2.7,0.0,220.3,78.9
42.1,-1.7,45.8,-1.91,3.64,223.5,33.4
25.0,33.6,44.6,0.9,2.5,263.5,36.8
79.7,24.9,69.2,-1.66,0.9,207.4,74.5
38.8,32.3,18.4,2.04,2.01,244.7,16.9
25.3,30.3,76.2,2.02,1.87,254.5,62.7
58.2,16.9,13.9,-0.71,0.0,175.4,16.7
85.1,31.5,27.2,4.42,1.92,319.9,18.3
41.5,-6.0,69.8,2.21,4.5,306.7,32.7
67.9,-1.2,18.8,1.41,4.03,281.2,10.7
105.3,-8.0,97.5,1.3,4.5,336.0,41.5
37.4,4.6,88.2,1.97,2.78,264.7,62.1
105.9,7.5,66.4,-1.99,1.64,260.7,50.4
105.4,2.2,83.7,0.39,2.95,307.9,47.0
32.6,27.3,89.9,0.77,0.94,196.4,99.7
50.8,6.1,33.4,-0.8,2.19,207.1,30.2
80.4,2.6,86.4,0.93,3.21,276.1,54.9
36.5,14.4,27.5,2.46,0.0,196.8,29.1
54.4,-3.7,47.2,-0.84,4.01,241.8,29.4
37.4,26.1,60.2,-0.11,0.66,176.9,74.7
97.6,-6.6,74.3,-1.64,4.5,278.2,37.8
55.6,34.4,12.7,-3.57,2.26,169.5,14.9
93.1,24.8,36.1,1.56,0.4,274.9,28.2
103.3,-1.1,64.8,-0.05,3.67,304.0,36.3
34.1,-9.8,42.2,0.1,4.5,290.8,18.0
35.9,26.7,79.8,-1.97,1.16,162.1,104.9
106.5,21.8,68.6,-0.37,0.0,270.9,55.6
45.9,22.8,31.1,2.19,0.0,202.8,31.2
102.9,24.7,23.1,0.0,0.68,274.9,18.0
50.7,-6.7,66.6,0.06,4.5,265.5,35.2
43.0,6.1,50.5,0.42,1.93,217.8,41.9
21.4,-4.8,25.2,-2.47,4.5,320.7,11.7
30.9,28.8,39.4,1.25,1.12,209.7,39.0
36.0,18.0,37.3,-2.51,0.0,121.7,63.5
86.0,4.9,19.7,-1.88,2.57,234.5,15.3
64.7,-7.1,59.2,-2.1,4.5,233.7,38.8
44.9,4.0,78.7,-0.35,2.85,227.1,63.6
31.9,4.6,61.8,-0.7,1.98,207.2,55.8
86.7,22.8,84.4,-0.0,0.0,234.3,79.3
37.8,18.7,21.5,-1.81,0.0,134.0,33.8
90.4,29.9,49.2,2.01,1.24,285.4,37.4
49.0,11.2,64.8,1.67,0.5,208.9,65.0
56.5,-4.6,70.8,-0.35,4.5,258.0,42.7
41.7,22.1,72.6,-0.96,0.0,150.9,104.1
108.0,24.2,75.6,-1.16,0.3,265.4,62.2
52.9,15.3,68.6,-0.62,0.0,169.4,93.5
33.5,24.7,18.5,-2.8,0.38,126.5,32.2
68.5,12.2,72.6,-1.92,0.0,172.9,85.7
94.2,13.5,75.2,1.72,0.0,275.3,57.3
32.0,9.2,99.4,0.6,1.19,202.0,93.6
61.8,-8.9,72.4,3.27,4.5,313.1,34.2
66.9,-5.1,71.8,-0.6,4.39,255.8,44.2
41.6,-8.6,56.3,-0.72,4.5,262.5,29.9
100.3,18.6,88.1,-0.82,0.0,250.2,80.7
78.9,4.1,99.7,-0.64,2.46,241.2,75.8
50.6,12.9,80.1,-1.32,0.0,155.9,105.6
57.3,30.8,65.1,0.54,1.71,222.7,64.3
48.8,1.2,17.1,0.06,3.34,242.7,12.2
43.2,8.5,75.4,-1.02,1.28,181.3,82.7
60.0,24.0,73.8,2.5,0.0,226.1,67.3
101.5,0.3,79.8,3.79,3.54,350.0,37.3
91.6,-6.5,21.2,2.33,4.5,328.2,9.8
105.8,3.0,68.8,1.12,3.11,321.0,39.8
85.0,-2.7,36.6,1.52,4.5,306.8,19.6
82.5,31.8,78.4,3.71,2.2,308.6,57.7
114.3,26.4,31.6,1.52,0.76,324.4,21.3
37.5,18.5,71.6,-1.17,0.0,143.3,109.0
81.9,29.2,36.5,0.78,1.78,258.6,29.6
33.2,26.2,10.8,1.25,0.5,190.5,12.0
33.1,-1.6,67.0,-1.99,3.78,241.1,42.2
91.6,30.2,20.2,-0.57,1.56,252.6,17.0
53.7,14.3,69.3,2.2,0.0,212.9,65.0
13.4,26.3,93.3,-3.65,1.02,165.1,125.4
105.1,30.3,97.2,-2.5,1.83,253.3,83.4
20.3,4.3,31.2,-0.35,2.57,268.3,19.7
30.6,-5.0,82.8,0.71,4.5,312.2,39.7
96.3,0.3,41.8,-2.72,3.48,249.3,29.7
105.6,9.2,91.0,-0.25,1.39,283.8,62.7
28.3,26.8,80.9,2.31,0.89,218.8,77.1
42.7,28.7,16.7,0.14,1.55,204.6,16.6
22.5,-9.7,46.6,1.88,4.5,350.0,17.1
98.3,13.0,40.4,-1.18,0.0,240.5,35.6
100.1,8.8,80.7,-1.62,1.16,249.4,62.2
60.0,-0.0,46.9,1.7,3.9,279.0,27.7
58.9,-4.6,71.6,0.74,4.5,274.5,39.1
51.4,5.2,64.2,-2.37,2.09,181.8,64.5
115.7,32.4,97.8,-1.6,2.25,293.9,68.1
65.8,4.5,94.4,3.13,3.1,291.4,59.3
113.6,13.3,48.5,-1.85,0.0,265.7,36.6
25.2,21.6,75.1,1.87,0.0,178.2,88.6
102.0,6.4,84.7,-0.96,1.87,270.4,60.4
108.4,33.7,90.9,-0.01,2.21,301.2,64.4
86.0,33.3,16.1,0.59,2.33,268.8,12.9
39.8,1.3,37.2,-4.2,3.24,181.7,37.2
112.4,12.4,38.8,-2.93,0.0,246.5,32.5
85.2,3.5,49.1,0.17,2.67,265.3,33.0
53.4,2.8,25.2,-1.45,2.76,209.3,21.0
110.3,-8.3,54.7,1.99,4.5,350.0,21.5
107.0,17.4,69.7,-3.21,0.0,229.4,63.3
99.3,12.6,54.8,1.13,0.0,277.3,41.0
94.5,-7.7,69.9,-2.75,4.5,256.5,39.1
43.0,2.5,16.0,-0.7,3.04,226.9,12.5
29.0,30.9,88.8,-2.13,1.92,187.2,101.8
27.9,0.8,94.5,3.8,2.78,308.9,53.2
97.4,-3.5,65.6,-2.68,3.98,256.9,39.7
116.7,12.0,89.3,-0.24,0.0,297.2,61.0
86.0,34.4,21.8,-3.45,2.35,208.4,21.4
47.6,0.9,81.8,3.2,3.82,300.4,44.0
42.9,20.2,20.7,0.8,0.0,178.7,26.0
84.1,24.3,46.7,0.27,0.79,242.9,40.5
44.2,0.7,39.1,2.95,2.95,279.0,23.0
30.1,22.8,62.7,0.29,0.0,158.5,84.0
100.2,6.6,37.1,0.44,1.27,281.7,24.5
43.8,18.5,67.4,0.26,0.0,171.5,88.6
24.0,18.5,43.1,1.13,0.0,166.2,55.2
53.9,14.1,87.5,-0.98,0.0,165.4,121.1
31.4,-5.9,67.0,-0.43,4.5,291.9,33.9
111.8,27.6,29.4,1.62,0.95,321.7,20.8
56.0,4.4,40.3,0.55,2.91,243.3,30.7
53.1,-1.6,86.3,-0.23,3.36,238.9,58.9
42.4,-8.2,44.8,-2.8,4.5,230.1,28.6
89.5,16.6,58.2,3.0,0.0,284.8,45.4
53.4,20.5,68.4,-1.32,0.0,159.5,94.0
99.6,-9.3,41.3,1.97,4.5,335.7,18.0
34.6,13.0,36.5,0.35,0.0,163.3,45.9
32.5,0.2,52.8,-2.59,3.37,221.1,38.7
17.1,19.0,29.3,2.5,0.0,182.7,33.8
88.6,-2.2,35.6,0.51,3.91,289.8,20.6
99.0,21.1,15.6,2.67,0.0,299.8,11.7
55.6,7.4,37.4,-0.36,1.51,204.0,34.3
46.3,32.2,38.9,1.41,2.06,236.1,32.5
100.3,-3.8,96.6,-3.53,4.5,254.6,58.2
33.6,5.3,63.1,-1.0,1.8,195.8,57.4
91.3,-4.9,80.9,-2.55,4.5,254.5,47.2
35.7,31.6,14.1,-0.75,1.67,194.7,14.9
87.5,29.5,19.6,0.94,1.52,267.4,15.0
93.7,1.6,83.3,-1.21,3.2,264.5,57.2
90.8,19.7,66.1,1.73,0.0,268.3,51.9
107.1,26.8,27.2,-1.71,0.74,259.1,23.5
38.8,15.0,46.4,1.77,0.0,188.7,52.5
87.0,13.8,58.5,2.62,0.0,274.1,43.5
35.7,0.9,85.9,2.03,2.99,273.0,54.1
29.4,-5.8,15.4,-0.69,4.5,296.2,7.6
96.5,30.4,63.7,-4.25,1.62,207.4,65.5
99.5,30.5,74.5,1.16,1.39,292.2,54.9
83.6,18.5,98.0,-0.25,0.0,224.6,91.5
42.5,5.3,82.6,-1.96,2.07,185.4,77.9
101.4,5.7,34.9,-1.11,2.18,269.8,23.9
110.6,22.7,73.9,2.87,0.0,329.1,49.6
56.0,30.4,78.7,-2.27,1.83,181.5,90.5
47.2,29.9,75.7,0.94,1.66,220.7,74.1
44.0,25.1,83.8,0.44,0.84,193.4,97.4
13.2,18.9,91.3,-0.71,0.0,132.5,147.8
80.5,-6.2,18.9,1.29,4.5,297.7,9.3
96.1,-2.7,19.4,3.26,3.57,339.5,9.0
80.7,30.4,81.7,-0.59,1.62,234.1,73.3
98.6,17.3,32.7,-0.49,0.0,251.5,27.1
18.2,-9.6,15.3,1.24,4.5,350.0,5.7
76.5,-5.4,46.1,1.84,4.5,301.6,23.0
51.8,19.9,83.8,-0.26,0.0,173.5,106.2
89.5,-9.8,21.4,-0.61,4.5,281.0,10.5
47.0,-2.8,70.5,-4.44,3.92,188.2,58.4
107.7,14.7,10.3,-1.56,0.0,256.0,8.9
18.8,21.1,19.9,-2.28,0.0,111.8,38.6
20.9,19.3,41.6,1.37,0.0,167.8,53.4
93.3,0.1,17.5,-0.49,3.93,282.4,9.3
31.3,22.0,86.1,-0.57,0.0,146.6,123.2
89.0,0.7,87.8,-0.02,3.9,282.3,50.1
29.8,4.6,78.0,-1.74,2.29,204.4,70.6
94.4,23.6,31.8,3.11,0.0,296.4,23.1
39.2,19.2,57.1,2.6,0.0,201.5,58.9
42.1,28.2,26.6,3.24,1.47,249.1,23.1
55.7,19.6,35.3,1.37,0.0,203.0,35.8
27.8,15.6,56.4,-0.06,0.0,151.3,77.7
47.0,-5.8,76.2,3.23,4.5,315.5,35.0
41.8,6.5,18.5,-1.36,1.84,188.9,18.7
38.0,1.9,36.7,-1.74,2.51,201.4,32.8
52.6,1.0,93.4,-1.2,3.17,220.5,70.6
105.5,33.8,48.6,1.05,2.36,312.4,34.1
90.1,7.7,94.5,-1.52,2.09,241.3,75.1
39.8,30.1,99.2,-0.31,1.65,200.0,107.3
104.4,18.4,57.4,-3.2,0.0,223.7,55.1
94.8,25.8,35.9,0.96,1.18,277.5,27.7
49.0,12.6,81.2,-3.03,0.0,128.3,132.9
99.4,16.0,24.3,-1.86,0.0,232.6,23.0
64.0,12.2,32.7,2.43,0.0,231.1,28.3
23.6,-1.2,80.6,2.36,3.75,343.3,38.0
40.5,22.5,49.0,0.75,0.0,175.2,63.2
90.9,2.6,28.1,0.55,2.53,278.7,17.8
86.5,-8.9,68.6,-1.06,4.5,269.9,35.3
22.6,19.0,75.9,-1.55,0.0,125.2,135.0
46.2,-2.0,21.3,-0.72,3.81,241.9,13.9
95.3,32.3,34.9,-3.03,1.97,227.1,32.7
33.2,32.9,29.9,0.5,2.43,237.6,27.3
24.6,31.2,44.2,0.1,1.93,229.6,42.7
95.2,6.7,78.7,-1.87,1.82,242.5,56.7
89.0,-9.3,74.2,3.14,4.5,336.4,29.5
99.3,31.8,69.6,1.21,1.84,297.1,48.4
98.5,9.3,10.6,1.38,0.87,288.2,7.2
104.0,33.5,22.8,-0.97,2.04,275.8,17.0
45.2,33.4,30.1,-0.0,2.07,214.8,30.2
35.3,28.4,34.5,1.25,1.5,220.1,33.8
47.6,3.3,23.2,0.31,2.91,237.7,17.7
97.5,7.3,46.9,3.2,1.7,322.0,28.5
85.9,28.3,16.8,-0.41,1.61,245.4,15.0
23.8,4.3,77.5,-1.01,2.2,226.7,61.0
78.0,-2.4,80.9,1.27,4.13,289.9,44.5
37.4,15.1,61.7,-2.53,0.0,122.8,106.5
44.2,32.1,18.1,1.85,2.04,242.0,15.2
29.6,21.3,90.1,-2.6,0.0,114.6,173.9
47.2,15.7,96.9,1.28,0.0,190.7,109.0
106.5,-5.6,28.2,-1.3,4.5,299.4,13.4
40.3,17.7,73.4,0.95,0.0,178.0,90.1
91.3,34.6,85.8,1.81,2.5,298.1,60.0
96.9,-3.7,58.6,0.31,4.19,302.9,28.1
41.7,13.3,39.1,-2.4,0.0,129.3,60.8
86.0,29.5,53.1,-1.79,1.65,225.1,49.6
77.9,23.3,56.1,-1.46,0.0,195.9,62.0
63.0,21.4,46.1,-3.79,0.0,136.1,74.5
50.7,21.6,93.7,2.25,0.0,209.7,98.2
89.2,6.2,76.9,0.22,2.3,268.3,54.5
40.6,3.2,31.7,-2.27,2.93,202.2,27.7
35.5,26.4,62.7,2.91,0.9,227.9,62.2
57.2,26.5,72.0,-1.4,1.11,182.9,86.4
45.2,29.0,22.6,0.5,1.46,209.0,23.4
100.1,31.1,42.3,-1.65,1.85,255.8,35.9
36.4,13.0,91.5,-4.04,0.0,99.2,190.1
55.5,12.6,61.0,-2.73,0.0,141.2,89.4
61.2,25.9,29.5,-0.9,0.64,187.4,31.8
60.3,19.2,21.1,1.8,0.0,216.0,20.7
89.1,21.6,56.6,0.69,0.0,249.4,51.4
39.0,25.8,59.3,0.28,0.57,181.3,70.6
97.5,30.1,40.1,-4.02,0.98,206.1,42.0
45.6,5.2,66.7,2.54,2.19,255.8,49.3
42.0,6.9,16.2,0.45,1.82,215.6,14.3
96.6,-5.8,23.1,-0.24,4.5,297.5,11.2
42.6,16.0,59.2,2.26,0.0,200.3,63.6
119.4,-8.4,15.6,2.49,4.5,350.0,6.0
86.6,11.0,89.3,2.31,0.52,274.8,66.0
49.6,14.4,22.8,-0.49,0.0,167.1,28.3
50.2,2.9,70.7,-2.01,3.04,205.6,62.1
94.9,16.6,45.2,1.98,0.0,280.5,34.1
49.2,-8.6,46.0,-2.73,4.5,224.5,27.7
37.1,-8.3,78.8,3.89,4.5,340.2,32.3
41.1,27.0,55.0,0.06,1.25,195.9,61.0
43.1,6.2,75.3,-2.12,1.8,176.8,76.6
85.0,-4.3,55.5,-2.46,4.5,246.9,33.8
54.0,13.5,63.4,-2.56,0.0,141.8,94.2
49.7,24.6,78.5,0.28,0.5,188.9,92.9
101.2,-0.3,64.7,-0.01,3.53,299.2,33.1
68.5,18.0,65.4,-2.47,0.0,164.6,87.0
43.0,-6.2,81.0,-0.71,4.5,260.7,45.1
96.7,-7.7,95.4,-2.74,4.5,260.2,51.3
56.8,13.9,43.9,1.18,0.0,201.8,45.1
88.9,14.3,61.9,-0.11,0.0,237.0,55.0
96.1,18.7,17.8,-0.76,0.0,242.0,16.1
37.2,22.7,42.3,-2.58,0.0,121.9,73.4
36.6,33.9,47.1,-0.6,2.3,213.8,48.7
49.3,13.2,85.2,-0.83,0.0,161.7,112.3
23.3,4.5,56.2,0.64,2.6,269.9,38.0
96.4,25.8,75.8,0.33,0.37,262.9,61.7
107.6,2.2,11.7,1.58,2.47,325.7,6.5
49.5,9.8,51.8,-0.97,0.95,179.1,59.6
95.4,-6.5,91.1,-3.72,4.5,243.3,52.7
96.3,-8.9,30.2,1.98,4.5,330.3,12.4
80.0,33.3,12.8,-1.87,2.14,220.1,12.6
35.9,27.6,49.0,-2.21,0.97,153.1,70.8
44.9,21.3,73.4,-0.09,0.0,167.5,93.4
59.8,8.4,50.9,0.6,1.48,222.2,43.4
107.2,-2.2,51.4,-1.06,4.38,303.0,27.1
39.4,-3.0,70.3,-1.08,4.5,260.9,44.2
81.1,1.3,32.9,-0.78,3.05,249.5,22.5
22.2,14.7,77.7,2.83,0.0,190.6,83.9
53.6,22.2,23.8,-0.01,0.0,179.6,28.6
48.5,19.7,45.6,-1.94,0.0,144.1,69.6
93.4,2.6,69.0,-1.92,2.81,249.1,48.4
53.1,33.0,84.6,-0.5,2.03,209.8,88.6
120.0,23.2,81.2,0.48,0.0,316.4,56.6
36.8,14.9,75.0,0.97,0.0,174.7,92.0
68.2,17.5,42.3,0.25,0.0,205.0,44.4
39.0,8.9,21.0,-1.68,1.55,176.9,21.9
50.8,1.1,29.5,-0.85,3.49,232.1,22.4
42.1,6.0,87.8,1.47,1.97,234.5,69.0
19.8,24.1,87.2,-2.29,0.49,136.8,135.3
17.5,-9.4,95.6,-0.93,4.5,350.0,36.7
35.1,-4.8,16.8,1.19,4.5,304.8,8.5
108.1,-7.9,58.3,1.75,4.5,348.1,22.8
103.6,-8.2,68.4,-0.39,4.5,307.6,30.3
53.0,28.5,74.0,-0.82,1.32,191.5,82.9
104.2,21.7,67.9,-2.64,0.0,231.6,61.9
102.1,11.3,79.3,1.05,0.87,290.8,56.0
30.4,-5.6,42.4,2.64,4.5,341.8,18.1
77.7,12.1,26.1,5.13,0.0,294.3,19.2
87.2,11.3,28.4,0.77,0.59,253.7,23.2
39.9,-2.2,11.1,-0.1,3.98,261.6,6.9
58.1,9.5,41.5,-1.84,1.54,184.8,43.5
95.0,7.9,18.3,-3.76,1.45,209.9,17.9
25.8,17.7,38.9,0.35,0.0,155.9,53.0
42.2,18.6,66.5,4.7,0.0,236.3,59.2
37.2,-8.0,90.5,2.54,4.5,319.6,40.8
82.5,6.9,85.6,2.23,1.61,279.3,58.2
79.3,18.2,32.7,0.49,0.0,227.7,30.2
89.7,12.6,22.1,0.72,0.0,251.0,19.4
96.0,28.5,27.4,-4.85,1.04,191.3,31.7
19.4,19.6,97.4,1.53,0.0,169.3,123.7
29.7,-2.7,59.5,-1.16,4.02,271.7,37.1
43.4,-6.8,26.4,-1.4,4.5,249.8,15.7
59.1,18.9,85.7,-0.65,0.0,177.6,103.7
55.5,-8.8,45.6,-0.71,4.5,252.6,26.6
98.8,16.4,90.9,-1.44,0.0,237.7,83.9
99.8,32.3,33.5,0.03,1.8,279.9,25.9
45.2,15.9,45.4,-1.12,0.0,152.5,63.3
101.1,7.5,55.4,0.2,1.57,282.9,37.4
62.6,18.9,90.3,-2.97,0.0,147.9,129.7
39.7,10.6,88.2,-0.43,0.5,169.3,109.2
96.7,14.6,61.7,-2.19,0.0,221.8,56.5
15.4,32.4,30.0,-1.28,1.81,242.6,27.3
106.3,7.4,46.3,0.29,1.19,291.4,29.5
92.6,33.3,97.8,-3.21,2.5,225.0,91.8
29.2,30.7,64.7,-1.64,2.05,198.7,69.1
93.1,-1.2,80.3,1.14,3.89,305.9,42.1
51.5,-6.9,50.5,-2.83,4.5,221.9,33.5
24.3,-5.5,57.9,3.56,4.5,350.0,24.6
54.7,-9.2,48.6,2.41,4.5,299.5,21.8
35.6,-5.8,73.3,-0.99,4.2,262.2,41.6
95.9,20.7,86.6,-1.57,0.0,229.5,79.5
28.5,-6.8,55.7,0.4,4.5,316.6,25.0
80.5,4.4,53.3,-2.89,2.06,204.7,44.9
91.9,28.0,40.6,-4.0,1.03,195.9,44.0
51.4,-9.0,25.9,-0.92,4.5,250.6,14.5
86.7,26.7,94.5,-0.27,0.53,236.4,86.1
55.6,2.7,38.4,0.19,2.59,231.8,30.7
38.2,-4.7,82.1,-1.23,4.35,257.0,52.2
58.5,21.4,74.4,2.55,0.0,224.6,70.2
51.7,18.3,81.2,-2.99,0.0,132.3,128.6
6.7,29.5,94.3,-2.28,1.52,259.1,80.9
91.0,23.1,66.1,0.97,0.0,257.5,55.8
53.3,26.2,90.8,-2.32,0.84,160.2,126.0
43.8,2.7,25.1,-2.4,2.97,199.3,22.3
97.6,-2.0,66.4,0.25,4.36,305.0,34.7
88.4,23.8,79.5,-2.11,0.0,206.0,82.5
99.0,26.3,34.4,-0.27,0.92,265.0,28.3
40.9,34.6,76.7,-1.4,2.5,204.5,78.3
104.2,8.6,80.1,-1.72,1.25,257.3,62.7
100.5,6.7,84.8,-4.2,1.64,216.1,71.0
102.3,24.9,38.2,0.28,0.68,277.7,30.6
109.4,5.3,71.3,-2.49,2.04,264.5,46.8
54.3,31.9,37.4,-0.34,1.75,207.9,38.5
65.7,28.6,76.5,-1.02,1.38,202.9,80.3
46.5,9.3,51.7,-0.41,0.84,182.6,53.1
39.8,23.8,63.8,-0.3,0.0,158.7,81.1
80.0,24.0,47.4,0.39,0.0,227.3,43.4
59.4,-5.4,24.6,-1.46,4.45,240.9,15.3
95.7,30.6,26.0,2.49,1.89,309.7,17.7
89.6,12.7,17.0,-3.69,0.0,184.5,18.5
43.7,27.2,65.6,-0.45,0.89,181.1,81.1
52.0,4.4,86.4,1.67,1.91,239.3,62.9
89.7,30.3,11.9,0.95,1.72,273.6,9.5
90.2,7.5,16.0,-1.95,1.22,225.4,13.2
64.9,-9.5,51.2,-1.62,4.5,241.1,27.9
34.3,30.7,76.4,-2.01,1.64,175.3,91.7
38.8,-5.9,24.2,1.2,4.5,296.1,12.3
89.1,4.4,34.4,-1.48,1.53,234.0,25.5
74.4,32.8,30.9,0.51,2.5,252.8,26.1
101.5,32.8,45.9,0.53,1.89,291.7,32.4
31.8,15.8,30.2,4.74,0.0,226.5,28.0
52.4,18.4,41.7,0.63,0.0,187.4,48.4
51.2,10.2,75.6,-1.62,0.78,167.4,95.9
39.7,3.2,65.0,-2.92,2.22,175.3,63.8
52.1,4.8,17.3,-0.55,2.32,213.9,15.0
32.1,20.3,67.4,-0.24,0.0,152.2,94.3
36.1,23.9,52.9,-4.42,0.0,93.1,120.5
17.9,25.6,94.1,-1.43,0.96,177.5,117.6
26.1,25.5,36.0,0.59,0.37,174.1,43.4
108.7,-5.9,75.4,-1.06,4.5,307.1,35.0
61.7,12.2,75.8,1.94,0.0,220.2,71.9
42.8,-7.4,29.9,-3.12,4.5,224.9,19.9
110.1,14.7,91.3,1.35,0.0,305.3,65.5
71.4,9.9,54.2,1.83,1.02,248.2,41.5
39.1,29.9,71.1,1.91,1.95,241.0,62.3
95.6,5.8,23.1,-3.13,1.94,225.6,19.6
99.4,-4.7,33.2,0.63,4.25,312.6,16.8
86.7,-3.6,62.7,-1.34,4.37,264.6,37.0
55.7,24.3,38.7,-2.81,0.3,145.7,56.1
99.9,17.8,55.0,-0.83,0.0,249.2,49.8
50.5,-5.4,43.7,-1.81,4.5,237.6,27.3
105.0,-6.2,67.6,1.84,4.5,343.6,28.3
107.7,21.5,53.8,1.03,0.0,294.6,38.4
30.4,-6.7,10.4,-2.3,4.5,267.9,5.4
89.0,27.0,68.5,-1.45,1.03,228.7,69.8
43.8,21.8,48.0,-0.76,0.0,156.1,68.9
90.1,-6.3,40.8,-0.14,4.5,288.8,20.2
43.0,-6.2,18.5,2.01,4.5,301.5,9.5
41.8,34.4,29.8,1.38,2.15,237.6,26.8
73.0,6.8,30.1,0.1,2.24,241.4,23.9
93.2,6.7,94.2,-0.52,1.68,257.7,67.3
18.1,26.6,48.9,-3.55,0.65,128.0,80.9
46.0,32.6,13.8,2.58,2.3,259.0,11.3
37.5,34.4,22.5,-0.89,2.5,214.1,20.8
89.2,23.9,17.1,3.11,0.0,285.8,12.7
49.0,6.9,63.0,0.39,1.97,219.9,54.1
57.4,-6.2,26.8,4.05,4.5,324.0,12.6
23.9,25.0,54.9,1.21,0.64,194.3,59.6
35.3,15.1,43.3,-2.86,0.0,115.8,82.4
47.1,9.1,82.3,-1.23,1.33,181.2,83.5
51.2,30.8,38.8,-0.34,1.91,208.7,41.3
102.6,-5.0,51.2,-1.75,4.5,285.2,26.3
53.5,12.2,74.9,-0.75,0.0,168.2,92.1
41.3,-9.5,49.0,-2.73,4.5,232.7,29.0
31.3,11.1,81.4,0.01,0.57,173.5,95.6
79.9,-7.5,69.6,0.47,4.5,284.8,34.7
104.9,-4.7,46.9,-2.01,4.5,285.6,24.0
93.3,-4.7,55.4,3.88,4.5,350.0,23.3
45.1,19.2,97.0,0.13,0.0,171.0,125.7
26.1,23.6,69.5,-1.63,0.0,126.4,116.2
36.8,16.3,91.4,-3.26,0.0,111.2,176.2
52.5,33.3,26.1,0.12,2.47,227.0,23.2
46.2,6.9,53.5,-0.52,2.04,206.6,50.1
91.5,2.9,91.8,1.57,2.68,296.7,52.2
72.5,29.1,39.0,-0.29,1.28,221.6,38.9
93.1,0.1,97.1,-2.39,4.14,255.9,61.3
44.8,33.3,18.7,3.34,1.99,263.3,15.5
92.8,-9.5,91.2,0.87,4.5,308.0,40.3
31.0,33.6,50.1,-0.51,2.33,222.2,46.8
45.0,-8.1,16.6,0.33,4.5,273.9,9.0
95.7,30.1,89.2,0.95,1.5,282.5,67.7
39.8,13.7,32.7,-2.86,0.0,120.3,56.7
39.5,34.7,12.0,0.32,2.5,230.9,11.2
25.6,-6.7,22.2,-0.9,4.5,312.6,9.9
90.1,14.9,69.3,1.01,0.0,256.3,53.7
108.8,33.6,98.0,-1.48,2.43,282.0,75.9
44.8,13.5,20.0,-1.21,0.0,150.5,27.3
103.3,18.3,51.6,3.33,0.0,319.0,35.7
45.7,21.3,26.3,2.46,0.0,206.7,27.4
43.1,10.5,77.1,-6.0,0.75,94.1,158.3
104.3,18.2,20.6,2.31,0.0,306.1,14.7
79.2,16.3,31.6,-0.15,0.0,217.9,30.8
97.0,30.6,27.7,-1.42,1.57,250.4,22.9
61.6,-8.0,59.7,-2.01,4.5,233.8,34.9
111.8,2.6,88.6,-1.9,2.7,284.6,51.7
104.3,32.8,56.0,-1.36,2.29,273.0,44.0
88.7,30.1,15.2,-2.25,1.74,224.0,14.2
46.8,10.5,60.7,-2.71,1.2,156.1,77.9
96.7,17.9,81.8,-2.08,0.0,223.5,78.2
99.5,2.5,21.9,0.65,3.05,301.2,12.3
37.8,-1.5,16.5,0.1,3.58,257.4,9.9
32.0,10.9,26.9,1.11,0.74,195.5,29.9
52.7,5.9,77.1,-0.13,1.79,210.5,67.9
97.8,16.3,63.3,-2.61,0.0,217.9,65.8
87.8,-6.5,58.7,0.99,4.5,302.5,29.2
89.1,33.8,32.5,-2.01,2.5,237.0,28.6
106.7,34.4,39.9,1.29,2.39,318.9,26.5
44.8,21.4,96.9,-2.33,0.0,133.8,156.5
56.0,14.1,31.7,-1.37,0.0,162.3,43.7
49.5,3.9,91.1,-0.72,2.28,209.7,79.9
40.0,26.6,62.2,1.35,1.08,210.6,62.0
58.2,20.8,21.1,0.35,0.0,191.3,24.0
13.6,-2.7,52.1,0.04,4.19,350.0,24.1
66.6,31.0,95.4,3.77,1.9,283.8,69.4
21.5,27.0,47.7,-3.67,1.13,145.1,71.7
34.5,32.7,87.7,-2.08,2.48,198.8,97.3
41.5,22.7,33.1,-2.16,0.0,132.6,52.3
40.2,17.6,61.4,-3.54,0.0,110.6,116.8
99.2,8.8,85.9,-1.44,1.21,250.7,69.2
100.7,32.0,92.9,1.38,2.06,304.5,64.2
104.9,29.0,53.7,-1.18,1.27,267.3,41.9
35.1,-8.0,67.6,-0.67,4.5,276.8,35.3
104.8,-8.8,10.3,-3.45,4.5,263.8,5.5
74.6,6.9,32.8,-1.59,1.66,210.3,29.6
84.4,26.5,35.1,-0.92,0.67,224.0,34.8
35.4,34.4,18.4,1.28,2.5,248.7,16.1
98.3,-3.2,35.2,-3.35,3.73,245.8,22.3
85.9,16.7,38.9,-0.91,0.0,219.0,40.4
97.6,7.1,97.2,2.17,2.02,309.9,62.3
88.8,33.6,70.2,-0.89,2.4,252.0,55.3
31.6,27.9,48.3,-4.23,1.51,139.8,72.1
49.4,27.7,98.9,2.56,0.74,227.5,87.1
41.6,11.1,23.8,1.47,1.03,211.9,22.5
85.0,8.7,52.8,1.74,0.74,265.8,37.3
31.1,2.3,68.2,-3.49,2.71,189.8,61.1
20.6,-7.5,15.0,3.02,4.5,350.0,6.3
35.6,28.9,74.5,-1.55,1.56,179.7,84.5
32.8,26.6,19.0,-1.02,0.86,167.4,24.5
41.1,35.0,22.6,-1.41,2.5,204.4,23.3
98.5,34.8,24.4,1.89,2.42,311.5,16.4
99.1,15.0,93.6,-0.36,0.0,254.4,79.4
38.5,24.6,71.5,0.96,0.7,194.5,73.7
43.8,32.5,69.0,0.15,2.23,220.7,64.8
43.9,28.2,60.0,-0.19,1.02,188.0,71.8
103.3,1.1,36.4,-1.89,3.37,273.6,21.8
41.7,10.3,65.9,3.62,0.93,241.9,57.1
48.1,-4.2,46.9,-2.93,4.5,222.3,31.0
32.5,32.9,23.1,0.82,2.22,236.8,19.7
94.4,17.3,72.1,0.75,0.0,261.1,57.6
95.6,0.3,21.7,2.31,3.15,320.0,11.7
98.4,20.2,27.2,2.78,0.0,300.0,19.1
120.0,17.8,83.6,-0.27,0.0,305.1,59.5
31.8,6.1,69.4,1.06,1.25,210.7,61.5
50.0,-4.9,66.8,3.53,4.5,318.0,31.6
68.5,20.2,47.6,-0.13,0.0,199.8,53.2
32.6,13.4,45.7,-2.13,0.0,124.2,79.0
46.0,24.8,72.1,-0.77,0.69,173.6,86.2
20.9,13.4,76.6,-2.61,0.0,108.2,147.4
47.4,28.3,55.9,0.74,1.31,210.5,60.1
83.8,14.8,97.2,2.13,0.0,260.5,80.8
95.8,15.2,96.0,-0.24,0.0,249.2,79.1
86.5,29.4,47.1,-3.24,1.71,205.0,47.3
96.5,8.2,83.9,2.04,1.17,297.1,55.9
54.1,-4.0,58.9,-3.55,4.5,210.2,44.0
95.3,-8.7,56.1,-3.09,4.5,252.6,29.9
31.6,24.0,14.9,-0.36,0.0,150.0,21.9
94.5,17.9,61.7,0.5,0.0,257.6,53.9
33.0,21.7,91.1,0.84,0.0,169.2,120.7
97.0,-0.4,80.2,-0.13,3.87,293.4,47.4
47.5,-3.9,80.8,3.52,4.5,319.5,39.6
28.7,-9.3,24.4,0.13,4.5,311.4,10.6
97.6,5.8,42.3,2.07,1.27,300.7,25.7
37.4,16.5,31.0,1.57,0.0,184.4,36.1
100.7,7.7,38.4,-2.59,1.34,238.0,30.1
95.6,9.7,62.2,-0.34,1.3,260.9,46.6
101.4,30.7,42.8,4.25,1.68,345.2,27.6
99.5,5.7,60.5,-1.01,2.28,268.6,39.6
102.5,13.1,49.5,-1.35,0.0,247.3,39.9
60.5,25.3,35.8,0.34,0.3,199.3,39.6
79.5,7.8,18.6,-0.94,1.25,222.3,15.9
105.0,18.0,90.3,-1.59,0.0,249.4,73.3
79.9,28.8,11.0,-0.97,1.4,224.5,10.5
35.1,32.7,10.1,2.86,2.18,263.7,8.1
91.5,-3.4,84.4,-0.27,3.87,282.1,46.0
85.0,31.7,99.7,-2.66,2.0,214.7,101.0
98.5,12.1,75.4,-3.02,0.0,213.2,69.9
25.8,1.6,11.4,4.41,3.13,338.2,5.8
38.1,10.7,30.4,-0.45,0.5,167.9,36.2
41.6,34.1,97.5,0.87,2.5,238.3,86.2
109.4,12.2,82.8,-1.54,0.0,260.1,62.1
98.5,4.8,61.0,0.64,1.96,288.2,37.9
65.8,18.5,31.3,2.92,0.0,241.2,27.9
51.1,0.8,11.3,-1.3,3.83,231.7,8.4
47.0,-6.6,11.9,0.92,4.5,280.8,6.5
30.2,-4.2,65.1,-2.81,4.5,261.0,39.1
97.7,-4.2,12.0,4.05,4.5,350.0,5.3
89.0,-3.2,99.4,0.54,3.71,288.6,56.0
57.2,-3.8,26.5,-0.83,4.22,245.9,16.5
30.3,18.8,74.0,-0.6,0.0,145.3,114.5
40.6,-1.8,24.0,-1.02,3.87,243.9,16.3
94.2,5.6,58.6,-0.92,1.9,255.8,41.7
30.1,30.4,17.3,-4.89,1.28,123.1,31.8
50.9,11.3,79.0,-0.2,0.56,184.3,88.3
48.4,20.0,62.6,-0.28,0.0,168.8,85.0
107.9,-2.2,17.8,0.98,4.45,335.6,8.5
96.2,-1.3,86.4,-1.05,3.67,276.2,49.9
93.0,-8.2,59.2,-1.54,4.5,272.2,29.8
72.1,-2.4,92.9,-0.02,4.32,267.3,54.7
36.6,2.5,92.5,-3.22,2.44,178.3,89.1
64.7,-2.0,92.8,0.29,3.76,258.1,59.8
100.4,-6.0,17.0,-3.72,4.5,251.7,9.9
25.5,-4.6,20.9,2.24,4.5,350.0,8.6
108.5,10.7,98.9,1.37,0.71,308.3,65.0
103.8,-0.7,53.9,-1.85,3.58,277.2,32.1
93.4,6.4,31.4,1.32,1.7,285.8,20.3
34.8,12.7,79.3,0.22,0.0,161.6,102.6
49.1,21.1,33.8,-2.02,0.0,143.6,50.5
42.0,-8.2,75.4,-4.05,4.5,212.0,50.8
90.3,26.0,85.4,0.63,0.75,259.1,72.0
77.6,18.3,80.6,-1.59,0.0,193.4,90.5
47.8,-6.3,34.7,2.19,4.5,299.3,16.3
36.8,29.3,46.1,0.03,1.28,195.3,54.0
79.8,31.4,47.2,-1.4,1.65,220.9,43.5
99.5,-7.3,54.2,3.6,4.5,350.0,22.1
57.5,2.5,25.1,1.15,3.07,255.7,16.5
120.0,26.3,50.7,-6.0,0.84,226.2,48.8
55.5,23.7,56.0,-0.97,0.0,167.7,72.1
39.2,-1.7,57.9,-2.77,3.59,212.7,43.6
86.3,-0.6,83.8,-1.6,3.45,249.3,57.9
107.8,6.7,56.6,-0.29,1.77,291.5,37.7
91.3,11.8,30.8,0.71,0.51,259.6,24.0
21.1,17.8,69.7,0.52,0.0,155.2,98.8
102.1,6.6,81.8,2.16,2.08,319.1,50.4
38.1,10.8,38.7,1.27,0.67,198.1,40.7
44.5,23.6,68.1,1.15,0.0,185.7,78.5
54.1,-8.3,23.2,0.4,4.5,269.6,11.5
36.7,1.4,40.8,2.57,3.27,287.9,24.5
101.4,22.1,91.8,-0.63,0.0,255.4,78.8
103.7,30.3,92.0,-0.58,1.8,278.7,69.2
47.8,13.0,61.8,-3.81,0.0,115.1,112.1
58.6,13.9,73.2,2.11,0.0,218.3,70.8
57.2,-5.2,86.9,-0.15,4.5,261.0,52.0
50.5,10.1,96.3,5.87,0.68,277.1,73.1
86.1,14.0,54.1,-0.81,0.0,221.0,53.6
102.8,0.9,60.5,0.18,3.5,304.7,33.6
46.0,2.1,47.4,1.09,2.69,245.1,34.7
49.8,7.0,16.5,-2.2,1.75,176.8,18.0
64.2,-9.1,48.1,0.72,4.5,275.7,23.9
99.0,4.5,81.2,0.07,2.31,284.1,55.0
33.8,-0.5,82.4,-0.61,3.5,251.9,52.8
41.9,4.7,90.3,2.35,2.07,250.0,66.9
98.9,-4.6,14.6,-1.81,4.17,274.5,8.3
65.1,30.1,57.4,0.55,1.67,230.3,53.2
43.0,16.7,19.7,2.91,0.0,210.3,20.4
105.4,20.6,28.1,-1.41,0.0,252.7,24.6
116.1,25.5,91.0,-0.59,0.57,295.3,66.8
102.6,12.4,54.7,4.69,0.0,338.1,33.9
102.9,-6.1,78.3,0.95,4.5,326.3,35.4
96.7,14.2,15.8,-1.01,0.0,239.5,14.3
48.3,16.4,47.5,1.61,0.0,197.0,51.5
42.1,23.5,70.7,-1.14,0.0,148.6,101.3
53.3,9.4,22.0,-3.13,1.0,151.0,28.7
44.2,-4.3,39.3,2.74,4.5,311.0,20.0
77.3,2.8,15.8,-2.21,2.77,219.4,12.0
88.0,6.3,68.6,4.9,2.24,335.8,37.2
101.4,19.1,97.4,-0.98,0.0,250.3,89.3
100.1,15.7,84.4,4.27,0.0,326.0,56.1
37.2,6.0,97.7,-2.74,2.57,188.7,95.2
50.5,34.4,86.1,2.05,2.45,254.9,72.7
76.1,17.3,87.0,1.0,0.0,229.6,79.5
91.3,0.7,61.9,1.68,3.38,305.6,32.1
88.2,-5.4,56.6,1.94,4.5,317.3,26.9
88.4,-3.1,46.6,-1.0,3.94,267.3,26.7
101.0,1.1,83.6,-2.62,2.8,252.5,56.5
86.4,-2.8,26.4,-0.1,3.66,274.5,15.3
47.4,-1.6,15.1,0.45,3.66,255.8,9.5
74.1,2.8,95.3,-0.94,2.17,226.2,70.3
92.1,-2.2,10.3,0.56,4.37,300.8,5.5
46.9,30.4,97.9,0.66,1.86,220.7,96.5
95.8,-6.4,75.6,-1.82,4.5,272.5,38.8
56.6,13.6,39.6,0.79,0.0,195.6,40.6
96.0,8.5,72.8,-0.53,1.31,258.9,52.8
46.9,34.2,83.6,-1.4,2.5,203.5,88.4
111.7,-5.0,32.1,1.57,4.5,350.0,13.0
30.2,7.9,79.4,-1.55,1.2,170.7,91.6
76.6,33.6,82.4,-0.91,2.21,230.6,76.3
47.2,28.9,32.4,0.14,1.27,200.5,34.5
44.1,26.8,13.8,2.75,0.61,223.0,12.7
34.6,1.6,28.4,0.39,2.85,246.3,19.3
65.3,-2.3,28.1,1.06,3.5,266.0,17.2
49.6,20.1,15.9,-0.6,0.0,165.5,21.4
38.8,31.8,75.3,-0.16,1.88,208.2,74.7
100.2,15.1,44.2,-0.1,0.0,260.9,37.7
64.4,15.7,89.6,0.59,0.0,203.9,96.4
99.3,2.6,32.7,-0.59,3.08,282.5,20.3
33.6,24.6,50.8,2.68,0.3,206.2,51.8
97.0,-1.6,67.5,-0.75,3.65,281.9,38.0
59.5,4.6,89.0,-3.41,2.36,176.3,96.5
22.4,9.1,57.2,5.49,1.51,298.2,37.8
79.3,12.8,43.6,-0.65,0.0,210.5,44.8
107.3,0.9,88.0,2.63,3.68,350.0,43.0
95.4,-4.8,37.9,2.81,4.5,341.3,16.6
39.6,17.5,17.1,1.89,0.0,191.4,19.6
36.8,3.0,50.1,-0.4,2.87,232.2,40.5
54.6,16.2,80.7,0.57,0.0,189.6,89.7
108.7,-3.1,12.8,-2.55,3.99,280.1,7.3
46.1,11.7,62.7,3.98,1.09,253.7,50.8
37.4,14.0,63.5,-1.7,0.0,135.2,95.1
32.9,-7.7,93.6,-0.51,4.5,285.8,44.4
113.2,5.1,35.8,0.2,2.24,315.0,20.5
47.0,-4.0,35.1,-0.21,4.37,261.0,20.9
104.1,-7.1,49.6,-1.31,4.5,294.5,24.8
55.7,34.5,42.1,2.79,2.5,269.2,31.3
102.0,4.5,76.3,1.9,2.43,318.7,44.2
63.0,26.4,67.8,0.64,0.72,214.1,67.8
90.4,1.5,78.3,-0.8,3.36,266.9,50.3
81.4,20.7,83.8,2.13,0.0,256.2,71.6
36.5,24.2,93.1,-0.93,0.66,164.1,128.3
86.8,16.8,48.8,3.14,0.0,281.6,37.6
44.6,11.2,98.6,0.22,0.8,189.8,101.1
87.8,8.5,29.4,2.46,1.3,288.1,19.7
119.9,5.7,74.3,-0.23,2.35,325.1,43.4
30.3,31.8,58.1,0.14,2.33,233.3,54.4
24.0,27.4,83.5,2.45,1.12,232.7,78.7
50.7,33.4,52.9,4.39,2.27,286.4,38.4
50.3,-4.4,80.6,3.12,4.5,311.6,37.8
61.0,22.9,93.7,1.75,0.0,216.4,94.8
32.5,32.2,75.9,1.18,1.78,228.6,68.0
50.3,-1.8,79.8,-1.01,3.67,233.2,56.2
101.0,-7.0,16.0,0.59,4.5,317.5,7.4
56.3,23.4,28.4,-1.83,0.0,155.9,38.7
54.3,15.9,97.7,0.75,0.0,191.8,109.1
108.9,27.9,72.4,0.88,1.08,305.1,51.3
37.9,-3.7,60.5,-3.92,4.47,220.4,41.7
53.5,25.8,43.0,0.08,1.08,200.9,44.1
49.8,-0.9,14.0,0.83,4.0,267.6,8.5
77.1,-2.6,43.2,-0.17,4.5,272.2,25.2
87.5,-2.6,54.9,0.72,3.62,288.0,31.4
38.5,26.7,29.0,-2.68,1.0,147.6,41.3
106.6,19.9,25.6,-1.55,0.0,253.5,22.4
55.8,13.5,55.8,2.07,0.0,213.6,53.0
72.7,6.1,62.7,0.0,1.97,235.8,47.6
98.8,29.5,31.6,0.68,1.5,284.6,23.7
89.6,7.7,62.9,-1.09,1.73,243.0,48.1
28.4,26.7,91.0,0.04,1.21,195.9,95.8
48.1,9.8,52.6,-4.6,1.15,127.5,86.5
34.6,7.0,87.2,1.69,2.06,243.0,66.9
92.1,10.8,93.5,3.62,0.99,310.0,65.0
91.0,3.6,18.3,-2.13,2.31,236.3,13.4
79.9,23.6,18.6,-1.88,0.0,193.1,19.7
82.0,12.6,52.8,0.88,0.0,238.4,47.7
45.0,0.4,62.9,2.95,3.08,281.7,36.7
90.3,30.5,48.3,-0.0,1.84,261.6,39.8
95.2,7.3,39.4,-2.46,1.77,233.4,30.8
74.6,14.5,67.7,-0.42,0.0,205.6,70.1
81.8,30.8,10.2,-2.06,1.73,215.2,9.7
101.1,18.1,97.1,-1.34,0.0,244.2,85.3
28.9,-4.7,30.9,-0.61,4.5,299.5,15.4
112.5,32.3,92.5,-1.86,2.1,281.5,70.3
48.8,18.2,19.8,-1.56,0.0,150.1,28.9
92.7,5.1,31.4,0.15,2.28,273.1,21.2
99.7,-3.7,31.1,0.43,3.96,307.4,15.9
27.9,25.7,99.7,-2.85,0.59,130.8,163.3
115.5,17.9,10.4,0.79,0.0,310.0,7.1
61.8,14.0,67.6,-0.76,0.0,179.8,80.7
42.8,30.2,88.3,1.44,1.53,223.9,84.4
43.5,25.5,70.5,1.56,0.66,205.8,73.5
109.4,-3.2,42.6,-1.09,3.98,303.4,22.2
100.8,4.0,96.2,1.23,2.7,308.8,54.2
110.6,1.2,90.4,-1.67,3.1,289.0,55.6
62.0,23.5,49.1,2.65,0.0,231.2,45.3
99.6,-8.5,61.6,-1.6,4.5,282.2,30.5
89.8,15.6,97.1,0.71,0.0,251.1,83.0
30.2,24.3,98.4,-0.38,0.57,167.5,128.8
33.8,29.5,50.5,-2.03,1.24,163.5,67.1
46.6,5.4,86.3,1.8,2.47,250.9,63.2
110.4,27.0,37.2,-1.23,1.01,276.2,30.2
112.8,-5.0,43.5,-3.4,4.39,279.4,21.2
95.7,28.1,24.8,-5.76,1.14,178.1,31.1
41.2,-4.3,28.8,-1.75,4.44,246.3,18.4
94.7,7.9,69.1,2.75,1.37,306.3,41.0
37.9,25.9,56.0,2.52,0.6,214.7,57.6
52.8,-3.3,30.8,-1.44,4.42,240.8,20.6
91.5,0.3,46.3,-0.75,3.65,272.5,28.9
47.3,22.5,43.6,-0.93,0.0,157.8,56.6
109.1,22.4,98.9,-2.67,0.0,242.5,89.4
22.7,18.9,86.8,-1.9,0.0,120.0,160.2
78.0,21.2,44.9,1.96,0.0,247.5,38.4
43.2,14.4,92.3,1.01,0.0,182.1,109.4
88.0,1.3,40.8,0.55,2.72,276.0,25.0
52.0,5.6,70.1,-2.67,2.11,178.1,74.6
52.5,-1.8,97.0,0.2,4.22,261.6,59.0
109.7,30.9,45.1,-4.61,1.7,230.4,41.2
28.5,16.3,71.2,1.69,0.0,178.0,85.9
105.9,8.0,36.6,0.52,0.93,291.7,23.2
88.3,10.8,34.0,-2.69,0.78,205.9,33.1
43.8,32.6,61.7,3.23,1.66,254.0,52.1
48.1,-3.1,98.1,-3.59,3.91,200.0,78.8
88.1,16.4,50.8,1.06,0.0,253.0,43.5
113.0,12.8,94.4,1.11,0.0,308.5,60.8
89.5,17.5,92.3,-2.48,0.0,202.6,101.9
41.6,-9.2,32.8,-0.08,4.5,272.2,17.2
98.0,29.2,46.2,-3.27,1.3,221.6,44.9
70.1,31.9,67.9,-5.69,1.77,144.2,98.0
104.1,15.4,56.6,-2.14,0.0,239.0,50.1
85.4,21.3,18.6,-1.23,0.0,213.2,18.7
27.8,31.5,99.4,1.29,1.85,237.9,89.9
61.1,21.8,77.7,0.13,0.0,192.2,86.1
34.9,-3.1,49.4,0.19,3.53,262.3,28.7
24.7,15.9,65.6,-2.03,0.0,119.4,121.8
87.5,17.3,17.9,-1.06,0.0,219.9,17.6
62.9,9.1,54.6,-1.86,1.65,191.2,54.2
50.0,23.1,93.8,-2.45,0.0,138.2,147.2
44.5,32.0,90.7,-1.19,1.55,185.5,104.6
98.5,31.7,40.4,0.15,1.97,280.9,30.0
83.2,10.3,57.8,-1.15,0.82,220.3,54.3
31.5,-4.9,72.8,-0.65,4.48,287.8,38.3
40.7,34.3,40.6,1.39,2.5,246.5,34.4
84.5,27.8,15.8,-1.0,1.13,228.3,14.9
103.0,-4.4,55.5,-2.67,4.5,272.2,31.5
38.1,31.4,64.1,1.13,1.99,230.5,59.3
55.3,29.1,10.5,0.53,1.33,213.9,10.6
48.8,13.3,18.6,0.66,0.0,183.4,22.0
49.7,16.6,28.7,1.25,0.0,193.4,30.5
103.2,8.0,41.3,0.91,1.2,294.3,26.0
95.1,-7.5,58.7,0.06,4.5,299.4,28.5
32.4,5.1,36.4,4.78,2.68,310.6,23.0
107.1,26.1,34.9,-2.57,0.51,244.1,31.5
44.3,-9.8,88.2,-1.17,4.5,252.1,49.9
90.5,5.0,23.1,1.93,2.07,293.7,14.2
118.1,7.9,54.6,0.29,1.84,324.3,31.7
40.3,14.2,95.8,1.52,0.0,186.5,110.5
37.5,31.4,66.3,0.34,1.88,216.1,67.3
100.6,5.6,74.5,2.75,2.21,326.4,40.5
52.9,5.6,48.8,-2.02,1.67,180.1,49.7
47.0,23.2,11.8,2.68,0.0,211.5,12.0
39.2,10.3,68.2,2.34,0.63,213.9,62.4
97.7,0.1,66.9,-2.42,3.94,260.9,42.1
40.4,10.4,19.9,1.26,0.5,195.2,21.0
110.1,-3.7,51.6,-0.09,4.5,324.5,25.0
19.4,-2.1,92.4,-1.21,3.84,326.0,46.4
105.2,12.4,28.5,-3.78,0.0,216.9,27.4
103.2,8.9,51.5,-2.02,1.76,255.8,38.3
102.0,31.2,51.5,1.42,1.97,306.8,36.3
39.1,6.3,83.0,1.63,1.83,233.7,64.5
94.1,16.1,84.2,-0.42,0.0,242.9,73.9
76.3,18.5,78.3,1.63,0.0,239.4,68.2
33.0,-9.4,42.9,1.89,4.5,321.3,17.9
60.2,19.9,16.5,0.31,0.0,193.6,18.4
43.6,-2.0,41.5,-1.44,4.42,247.0,26.5
52.6,33.2,71.2,0.88,1.98,229.3,63.9
90.2,-3.3,73.2,0.97,4.5,305.8,38.6
33.7,8.7,96.9,1.35,1.16,211.9,88.6
40.8,-6.2,50.8,1.73,4.5,300.5,24.4
102.0,34.9,66.9,-2.72,2.48,249.7,54.4
18.5,12.6,58.5,-1.02,0.0,130.6,87.7
38.3,16.8,23.6,-3.8,0.0,104.7,48.1
52.6,-7.0,51.5,1.49,4.5,286.3,24.9
94.5,23.7,59.0,-0.42,0.0,243.6,53.2
90.8,-0.6,95.6,0.86,3.25,291.1,54.2
95.9,30.4,43.0,-2.95,1.63,225.8,42.8
34.1,-0.8,98.2,2.8,3.76,309.9,52.4
86.6,-1.4,58.8,-2.39,3.61,239.9,38.9
36.0,-8.4,31.8,1.55,4.5,307.5,13.6
45.5,11.2,27.2,0.24,0.52,184.5,30.7
44.0,15.4,22.8,-0.38,0.0,162.1,29.0
94.0,-7.0,50.8,-0.54,4.5,288.8,25.0
53.7,24.9,12.0,-1.28,1.15,182.0,14.9
26.5,10.4,50.1,2.59,1.32,239.9,42.5
27.7,13.6,99.0,0.03,0.0,152.5,138.2
48.9,9.8,70.3,-2.54,1.1,158.0,90.8
95.4,8.0,78.4,-0.77,1.5,256.2,60.5
36.5,15.2,20.7,0.26,0.0,163.8,28.5
87.3,-3.0,52.6,1.8,4.5,314.0,25.8
44.2,-1.8,35.8,-1.21,4.21,245.2,23.2
85.8,28.8,90.5,-1.08,1.4,232.7,81.3
95.9,32.6,26.3,0.05,1.73,271.9,20.5
37.5,6.8,51.3,1.75,1.57,229.0,42.1
60.8,2.2,62.9,-2.74,2.82,195.1,53.1
93.6,19.0,56.3,1.01,0.0,263.4,45.0
100.6,8.4,84.7,-0.93,1.07,260.0,65.9
59.2,-8.9,30.8,-0.65,4.5,253.7,16.9
25.5,-3.0,44.0,4.0,4.42,350.0,20.1
90.9,22.2,81.3,-0.39,0.0,236.7,73.6
89.6,19.7,57.5,1.51,0.0,262.6,44.4
55.9,-8.8,46.2,1.44,4.5,284.9,22.3
39.9,-0.0,12.6,-2.36,3.73,221.4,9.8
33.2,0.4,77.8,-3.69,3.78,215.4,58.5
87.6,20.2,97.5,1.64,0.0,260.6,82.2
56.2,-9.1,65.8,-2.17,4.5,230.8,37.1
94.5,-5.3,87.1,-3.33,4.5,247.7,52.6
27.6,26.0,56.5,2.05,0.37,196.1,63.0
44.7,-2.0,30.9,-2.04,3.37,213.4,23.0
71.3,19.4,11.3,-1.55,0.0,183.1,14.3
89.7,0.7,68.8,3.95,3.23,335.4,34.1
103.2,-5.5,54.4,-3.32,4.5,262.8,30.3
33.5,0.9,80.4,-2.51,2.91,206.4,66.5
86.8,22.5,72.5,-0.92,0.0,220.7,69.1
99.4,28.5,98.9,-0.48,1.45,267.9,75.9
42.8,27.4,55.9,-1.79,1.57,176.3,66.0
38.7,7.9,48.4,-2.32,1.56,167.6,56.8
28.1,20.1,35.8,3.02,0.0,197.7,38.6
20.2,-0.8,52.9,0.53,3.85,345.2,26.4
91.0,3.2,88.6,1.17,2.83,291.5,53.0
52.8,30.3,13.8,-0.27,1.61,205.0,14.8
109.8,-9.4,98.0,0.58,4.5,333.9,40.6
56.3,-6.2,99.4,1.87,4.5,291.3,49.4
96.1,-0.6,63.8,-1.99,3.72,262.2,39.0
28.2,-8.8,39.8,0.53,4.5,320.2,16.3
48.0,-1.8,30.1,1.39,4.11,279.1,17.6
49.6,16.2,34.9,3.09,0.0,220.9,35.2
46.8,9.0,14.5,3.9,1.34,258.2,10.5
94.6,30.2,52.8,0.14,1.57,269.0,41.7
31.6,26.8,15.2,2.28,1.04,222.5,14.4
85.8,5.4,74.7,-5.34,1.72,172.4,81.0
47.8,1.7,43.5,3.1,3.5,292.0,25.4
51.2,7.1,27.9,-1.45,1.89,191.6,28.7
43.7,16.6,59.0,-0.48,0.0,160.3,78.3
95.6,2.1,97.6,0.88,2.57,292.4,55.7
97.9,18.1,72.6,-0.31,0.0,252.7,60.9
50.2,8.4,54.3,0.39,1.15,204.1,51.0
45.8,14.8,79.9,3.18,0.0,217.5,80.1
42.8,9.6,76.4,-0.77,0.92,176.5,84.6
95.8,3.3,90.3,-2.17,2.52,246.6,65.7
87.1,32.7,28.4,3.63,1.98,312.2,18.9
47.8,24.4,87.3,1.05,0.3,194.4,95.7
96.7,-3.7,37.1,3.84,4.5,350.0,16.0
46.6,29.1,94.7,1.73,1.62,231.6,85.7
111.8,11.9,35.3,-2.65,0.5,253.6,29.6
45.2,30.3,93.4,1.29,1.53,222.4,88.3
102.6,26.0,96.7,-1.97,1.01,247.9,83.0
52.6,9.1,23.1,0.01,1.55,208.1,22.4
108.1,-9.0,97.7,-0.15,4.5,319.5,43.0
106.5,2.1,17.7,-3.24,3.16,257.7,12.5
91.9,14.4,29.7,-1.63,0.0,220.4,29.1
97.3,18.5,50.0,4.41,0.0,322.2,32.8
81.8,1.6,99.4,0.48,3.11,270.1,67.1
37.4,-3.7,54.0,-0.35,4.5,275.8,30.8
34.7,27.6,59.5,3.63,0.96,240.3,53.0
36.2,34.3,72.5,-0.79,2.48,216.3,70.6
105.3,13.7,97.1,-0.18,0.0,270.9,75.9
50.5,-2.3,80.5,1.98,3.99,284.3,44.8
111.3,2.3,30.2,-0.8,2.72,300.3,16.8
104.0,-9.2,37.3,-1.49,4.5,291.7,18.4
25.8,31.1,18.8,-4.51,2.0,160.5,25.0
59.0,-4.7,68.0,-1.87,4.5,235.3,44.0
49.1,15.9,26.3,-1.89,0.0,145.5,41.2
33.5,2.3,33.2,0.32,2.71,242.7,23.3
50.6,14.9,89.9,-1.22,0.0,157.5,125.1
41.2,19.3,39.4,4.32,0.0,229.4,36.1
95.2,27.3,61.0,-2.12,1.28,233.2,56.8
112.8,-0.7,45.8,2.8,3.55,350.0,21.6
33.1,-9.5,16.7,0.44,4.5,299.2,7.8
37.9,-3.8,42.7,1.61,4.5,304.2,22.4
43.5,30.5,46.7,1.49,1.75,229.8,42.9
96.5,29.3,90.6,-4.44,1.5,203.3,99.9
106.4,16.9,39.2,-0.02,0.0,275.9,31.9
64.4,17.0,44.1,-0.52,0.0,187.4,50.3
32.9,19.9,80.5,-2.27,0.0,122.5,141.2
109.8,-2.1,78.3,0.92,4.03,334.8,36.8
88.2,31.1,81.8,3.43,1.95,310.9,55.8
40.2,8.8,95.8,-5.35,1.34,116.7,154.5
97.6,7.2,81.6,-1.07,1.91,260.1,61.0
44.5,13.4,46.7,-2.49,0.0,131.0,70.1
43.6,-7.9,83.9,0.14,4.5,272.7,42.5
96.1,-2.5,55.8,-0.65,4.46,290.1,30.4
95.5,23.2,35.0,-1.21,0.0,233.9,33.4
45.6,-6.3,37.3,1.38,4.5,289.1,18.6
110.4,17.1,30.1,3.27,0.0,334.8,19.6
36.9,1.0,23.0,5.32,3.79,342.8,11.4
96.1,7.5,26.6,-1.48,1.53,247.2,21.1
47.7,3.0,15.7,-3.64,3.06,181.8,15.4
110.2,6.0,90.0,1.12,1.25,313.2,54.8
102.2,22.4,93.8,3.22,0.0,315.0,63.0
31.8,3.4,62.8,1.63,2.3,252.3,42.8
101.7,15.5,85.6,3.21,0.0,313.7,59.3
101.7,11.4,26.5,-0.45,0.56,264.4,20.1
85.7,19.9,91.2,-1.22,0.0,214.1,91.6
43.0,32.2,55.6,0.23,2.12,219.5,54.3
109.6,23.0,16.0,-0.66,0.0,273.8,13.1
92.9,-0.3,22.7,1.33,2.97,298.7,12.9
47.6,-8.6,37.8,1.94,4.5,295.7,17.4
92.6,1.8,13.9,2.1,3.14,311.5,7.4
38.7,16.8,37.8,1.02,0.0,177.4,48.2
27.3,-7.7,15.4,0.49,4.5,323.9,6.4
48.8,12.3,31.2,1.59,0.0,197.3,32.2
89.9,16.9,33.9,-3.93,0.0,181.7,40.9
83.5,5.0,99.5,0.42,2.23,261.1,73.1
37.5,24.7,31.2,0.1,0.3,170.5,39.1
102.6,-5.2,31.5,0.43,4.5,318.0,14.9
37.4,-6.6,71.8,-0.18,4.5,278.5,36.5
62.9,22.8,87.3,0.86,0.0,205.8,91.6
47.1,12.3,44.8,-1.15,0.0,154.3,57.9
103.5,21.0,88.8,2.26,0.0,303.7,61.5
88.4,9.6,40.6,0.95,0.73,260.0,31.6
89.2,1.1,27.7,0.3,3.13,278.8,16.7
90.4,26.9,39.7,-1.4,0.72,228.6,38.3
38.4,26.0,64.8,1.63,0.37,195.9,70.8
48.4,21.3,43.0,0.41,0.0,179.2,49.5
30.8,2.2,70.6,-1.51,2.95,227.7,55.8
29.1,16.6,31.3,-0.11,0.0,151.5,42.7
28.5,6.2,73.1,1.26,1.92,239.0,56.1
100.7,-5.9,41.3,1.1,4.5,324.6,18.7
48.4,31.3,51.0,0.97,2.01,229.1,49.0
82.2,-3.8,60.2,0.19,4.5,283.1,32.3
29.3,32.8,71.8,2.05,2.07,254.9,58.0
49.5,10.1,31.5,2.48,1.19,235.6,26.7
94.5,-1.7,85.2,1.47,3.5,309.2,44.2
44.6,14.4,75.0,-1.17,0.0,150.8,104.4
94.5,29.3,31.1,-2.12,1.62,235.5,28.5
87.0,23.0,97.7,-1.09,0.0,218.5,92.7
36.9,26.3,69.8,3.91,0.94,244.3,58.3
74.1,19.6,50.7,0.56,0.0,219.4,52.9
50.8,21.2,24.2,4.25,0.0,239.8,21.7
23.5,28.2,58.0,-0.24,1.04,189.7,66.1
88.2,1.2,24.8,-0.52,3.23,266.2,15.5
50.2,12.0,48.7,-0.15,0.0,173.0,59.3
86.4,-0.0,46.8,-0.18,3.42,270.5,28.3
109.2,34.4,74.8,-1.55,2.46,282.1,51.1
111.2,32.5,27.3,-2.3,2.01,271.2,21.0
45.4,-8.2,84.0,1.0,4.5,283.6,41.1
40.2,21.8,39.4,2.11,0.0,195.2,43.1
91.0,31.6,50.0,4.89,1.81,336.0,31.5
63.2,-1.9,79.5,-0.87,4.02,243.9,51.3
35.9,15.6,66.3,-0.71,0.0,148.7,93.7
21.4,31.2,37.7,-1.54,2.02,218.9,36.5
51.9,-8.5,44.8,2.25,4.5,297.9,19.9
62.2,21.4,37.5,1.63,0.0,216.3,35.1
98.2,3.4,63.5,-1.75,2.91,261.4,43.3
94.8,31.6,39.9,-1.8,2.42,249.2,34.3
40.5,33.7,75.3,1.91,2.5,254.2,64.2
28.6,32.5,62.2,0.77,2.09,237.5,55.2
49.7,11.3,23.1,1.52,0.83,214.2,21.1
75.0,28.8,37.9,-1.77,1.61,207.6,37.0
38.4,28.0,29.9,-3.76,1.54,145.6,43.0
108.2,4.4,45.1,-1.75,2.16,274.2,30.1
43.5,27.3,56.4,1.38,0.78,205.9,61.5
96.8,-8.3,55.6,4.22,4.5,350.0,22.2
44.1,16.8,77.9,-0.86,0.0,155.1,104.1
87.5,0.4,27.0,4.55,3.31,341.9,12.9
30.2,-4.6,95.2,1.66,4.5,328.2,42.9
97.1,-6.5,40.9,-2.79,4.5,260.1,22.6
41.4,21.3,37.0,0.43,0.0,171.4,48.0
84.6,5.3,71.7,1.73,2.39,284.5,47.9
87.2,22.6,82.5,-4.85,0.0,162.4,108.7
47.7,-7.1,44.1,1.29,4.5,285.8,22.3
97.4,4.2,77.2,2.35,2.55,317.7,42.7
101.1,14.3,89.5,0.8,0.0,276.3,65.4
64.1,25.6,79.0,-0.12,0.96,207.9,86.1
40.3,4.3,13.1,-0.35,2.81,228.2,9.6
46.2,18.2,84.5,-0.46,0.0,163.4,105.0
86.3,29.9,79.7,-2.35,1.73,218.3,82.7
98.5,17.7,70.2,-1.38,0.0,238.0,63.5
39.6,0.5,78.4,-0.83,3.27,233.1,54.7
44.2,-8.9,98.1,0.23,4.5,273.2,50.6
120.0,29.2,48.8,-1.11,1.67,306.4,35.0
100.7,-9.0,16.1,-1.74,4.5,282.0,7.5
44.9,29.4,51.5,1.52,1.63,228.0,47.8
98.5,13.8,14.2,0.74,0.0,269.7,11.4
30.7,32.3,36.5,-1.08,2.01,203.7,37.1
35.4,25.9,62.8,1.01,1.2,207.8,65.6
89.2,34.9,37.9,-0.91,2.5,253.7,32.6
54.6,5.8,71.7,0.13,1.82,216.3,57.0
28.0,24.5,84.0,1.95,0.42,196.5,90.9
37.7,8.1,47.8,-1.21,1.38,179.5,51.8
110.5,11.6,91.0,-2.34,0.5,255.3,68.8
95.4,18.2,17.2,-0.29,0.0,247.6,14.7
47.5,29.3,85.6,-2.73,1.56,164.0,115.8
40.3,34.3,84.6,-0.55,2.5,217.4,80.1
45.1,24.6,39.0,-0.56,0.53,172.5,46.4
95.8,8.8,36.9,-4.93,1.7,196.6,37.8
50.0,9.0,37.5,1.06,1.01,211.1,35.2
93.3,23.2,83.0,-0.37,0.0,242.0,73.6
37.6,0.7,84.8,2.36,3.55,290.8,49.2
45.6,-5.0,39.7,0.43,4.5,274.8,22.4
48.4,6.0,63.3,1.47,2.02,236.8,50.1
59.9,2.9,22.5,2.38,3.21,277.8,14.5
92.5,3.3,52.2,-0.26,1.99,263.4,34.4
59.8,0.5,99.9,-0.0,3.31,243.7,65.0
34.1,-8.1,24.3,-3.15,4.5,242.4,14.3
57.9,-9.2,95.3,2.48,4.5,300.5,44.9
51.8,34.4,84.2,-0.29,2.5,221.2,79.5
31.0,9.2,97.5,-2.01,0.83,151.4,129.9
45.7,7.3,26.2,1.48,1.68,228.7,21.5
41.4,20.6,29.2,-4.36,0.0,99.5,63.0
91.8,-0.2,11.5,-0.86,3.33,267.9,7.5
39.3,32.7,75.2,1.82,2.17,245.1,64.5
38.3,25.4,68.0,-0.88,0.55,162.8,88.8
89.3,-6.0,26.0,-1.44,4.5,268.3,13.5
40.8,8.8,81.2,-0.83,1.24,182.1,88.7
51.9,29.6,36.9,-4.02,1.35,143.1,54.3
39.3,32.5,22.1,1.43,1.82,230.5,20.5
62.0,11.0,48.0,-0.25,0.64,198.3,48.5
96.1,17.6,18.2,-0.54,0.0,245.3,15.7
34.6,-2.5,33.7,-0.54,4.02,266.2,20.0
85.6,34.6,43.4,0.03,2.5,261.8,34.8
36.7,0.4,86.7,1.31,3.36,271.4,55.5
61.2,32.4,81.3,-0.1,2.04,222.1,81.3
83.3,19.2,49.8,-2.72,0.0,186.9,58.5
40.1,17.3,75.2,1.15,0.0,180.8,92.8
80.9,13.1,61.2,1.0,0.0,238.3,55.0
41.8,0.4,40.7,0.41,3.28,250.0,27.7
101.2,-2.1,75.3,2.15,3.76,333.9,37.7
56.0,-0.1,71.5,0.06,3.82,252.0,45.4
91.1,-1.6,65.7,2.22,3.72,317.2,32.8
33.8,25.1,65.6,2.81,0.3,208.4,66.0
96.1,5.8,71.5,1.16,1.95,291.1,45.1
51.2,-7.4,44.6,-1.5,4.5,242.0,26.9
92.9,33.6,88.2,-0.26,2.4,268.7,67.0
48.0,29.8,24.6,2.48,1.63,243.6,22.0
103.1,31.7,89.5,-3.0,1.58,239.1,78.4
40.1,34.8,40.8,-0.78,2.39,211.3,40.1
28.1,-2.2,21.3,-0.69,4.14,289.3,11.8
39.6,7.8,64.0,-1.73,1.27,169.2,76.2
53.8,24.1,43.8,1.75,0.3,211.6,43.6
45.7,21.3,83.4,0.75,0.0,181.0,98.8
114.0,-3.1,48.8,-1.42,4.5,312.4,23.7
89.8,26.7,70.2,1.21,0.79,267.4,55.2
26.4,0.1,37.7,-0.32,3.64,284.0,21.5
82.6,0.1,28.9,-1.78,3.54,242.4,20.0
43.8,14.2,44.9,-1.43,0.0,146.2,66.1
39.4,16.7,64.6,0.87,0.0,175.9,80.6
94.4,16.1,69.1,1.88,0.0,278.0,52.3
104.2,-5.9,62.0,-0.97,4.5,299.9,31.0
99.5,29.5,98.9,1.09,1.74,294.6,72.4
39.7,2.0,72.2,3.16,2.89,283.4,44.0
93.7,-4.2,93.8,-2.52,4.48,258.4,53.5
44.3,30.0,20.6,0.71,1.57,214.2,20.8
61.3,33.0,15.5,1.66,2.12,249.9,13.2
29.6,28.8,38.0,-0.19,1.58,204.3,40.1
105.3,26.4,22.3,2.48,0.98,320.2,15.1
76.7,19.5,57.3,4.4,0.0,281.6,44.7
111.2,14.8,56.7,0.69,0.0,297.8,39.5
36.8,-6.1,61.8,-0.47,4.5,275.5,32.7
54.9,8.4,77.1,1.95,1.39,236.1,64.2
45.5,6.8,97.4,1.68,2.07,240.4,75.8
33.8,1.7,89.0,-5.04,3.34,180.5,87.3
41.9,22.6,20.7,-0.01,0.0,165.3,26.9
100.0,12.3,40.5,-0.79,0.0,250.1,31.4
47.9,-6.4,33.0,0.79,4.5,278.3,17.8
27.8,-0.1,25.9,-0.39,3.84,284.4,15.1
41.6,20.7,59.0,-0.17,0.0,162.6,73.9
46.7,-6.6,59.8,-1.73,4.5,241.4,35.8
42.4,28.3,30.5,1.47,0.91,209.6,30.1
91.2,12.3,74.1,3.31,0.0,292.8,53.3
103.5,11.6,76.0,-1.7,0.5,249.0,62.2
100.4,16.7,11.9,-2.79,0.0,220.8,11.3
44.6,27.1,45.6,0.04,0.9,189.2,53.1
45.5,5.7,90.1,-0.06,2.29,219.1,77.1
46.8,20.5,56.8,2.34,0.0,206.2,58.8
87.2,15.5,41.3,-2.46,0.0,198.5,43.1
96.2,2.0,32.8,-1.08,2.32,261.7,21.2
24.2,29.5,31.9,-4.3,1.57,150.0,44.5
57.3,25.9,19.0,2.75,0.59,236.3,17.7
41.3,19.6,83.6,0.5,0.0,172.3,99.0
87.2,28.3,17.8,-0.93,1.66,240.3,15.9
85.4,29.0,36.3,-2.64,1.43,208.8,37.1
97.9,21.9,14.1,-2.46,0.0,220.3,14.2
28.5,27.7,80.3,0.83,0.98,199.6,87.1
41.1,21.4,13.5,-2.21,0.0,131.4,22.5
38.0,20.6,37.7,0.21,0.0,164.5,48.6
21.1,17.8,61.6,4.09,0.0,208.7,61.1
33.7,23.9,46.9,-0.7,0.0,146.8,68.0
110.1,-2.9,35.4,-1.92,3.84,290.9,19.6
87.7,29.6,34.8,0.76,1.3,262.6,29.1
24.2,29.2,81.8,-2.45,1.63,180.1,96.4
85.0,-8.7,97.7,3.44,4.5,335.4,39.3
40.8,27.2,41.3,2.81,0.9,228.5,37.7
42.5,-4.2,13.5,-0.33,4.25,261.2,7.9
46.8,5.1,13.3,-1.79,2.84,204.9,11.9
32.5,23.5,78.3,-0.85,0.0,143.4,122.6
47.5,-2.8,59.7,-0.59,4.37,255.1,37.1
37.6,26.8,80.5,0.77,1.04,200.1,88.1
31.2,27.4,72.8,2.08,0.86,213.7,71.5
85.6,12.8,91.7,-2.07,0.0,201.0,95.0
59.9,-9.7,89.7,2.02,4.5,293.9,41.5
50.7,2.9,80.9,1.24,2.76,248.9,57.0
53.1,17.8,52.8,-1.02,0.0,163.7,69.2
92.9,34.2,37.7,-2.17,2.44,240.5,33.2
22.8,18.4,55.6,0.23,0.0,152.0,79.8
97.7,1.7,55.2,-2.12,2.78,253.5,38.8
66.7,18.5,64.9,2.05,0.0,229.4,56.7
60.5,14.3,26.7,-2.25,0.0,155.6,37.8
90.7,25.1,69.0,1.1,0.49,264.0,53.3
28.1,-5.2,51.1,-0.16,4.5,309.9,24.9
29.2,24.2,65.8,-1.12,0.39,149.7,101.2
21.8,14.4,31.6,-0.21,0.0,144.8,46.4
87.8,33.3,49.1,2.16,2.11,292.9,35.6
61.3,5.4,28.9,-2.38,2.23,191.1,27.6
40.3,18.5,88.8,-0.82,0.0,151.4,128.6
88.8,31.9,53.9,-1.5,2.19,240.6,48.2
58.5,-5.4,30.2,-0.08,4.5,262.2,16.9
89.9,32.2,13.7,-1.37,1.94,241.6,12.0
108.7,21.0,70.8,-3.54,0.0,228.6,64.4
65.9,-6.9,29.3,-2.11,4.5,234.2,18.0
40.4,3.5,99.1,3.28,2.83,283.0,61.6
35.1,21.9,58.0,0.49,0.0,165.9,75.5
94.8,-7.0,36.0,0.42,4.5,304.6,16.7
92.3,16.2,69.2,-0.57,0.0,237.0,62.4
80.1,5.6,34.8,-0.1,1.56,239.7,26.8
91.0,17.9,83.8,-0.86,0.0,230.0,78.6
94.0,-7.9,37.7,1.05,4.5,312.7,17.2
43.9,29.2,98.9,0.2,1.42,202.9,104.3
26.8,33.8,64.5,-2.34,2.34,203.5,65.2
104.2,33.6,86.0,0.51,2.5,302.8,60.1
43.3,23.7,16.6,-4.92,0.0,93.2,38.0
36.0,-4.1,41.3,0.83,4.47,296.0,22.1
73.4,24.1,76.4,-2.82,0.6,175.8,96.6
54.3,-8.9,69.0,-0.19,4.5,260.6,35.0
105.0,-9.0,27.5,-2.39,4.5,280.2,13.7
90.8,4.6,42.1,0.01,2.3,267.8,29.2
30.1,12.0,33.7,1.16,0.64,192.6,34.5
117.8,24.7,65.2,3.01,0.69,350.0,40.7
51.1,20.7,41.0,-3.08,0.0,130.2,69.6
47.4,10.1,37.8,1.95,0.5,211.6,34.6
60.4,2.3,28.7,0.26,3.23,246.6,20.1
47.0,34.9,46.8,-0.9,2.26,205.9,48.0
64.2,9.2,27.6,1.52,1.98,248.4,22.2
48.5,10.3,96.6,-0.47,0.5,176.3,106.3
54.7,-2.6,23.9,1.44,4.07,277.1,14.1
38.1,25.8,92.2,-1.98,0.62,148.0,125.8
69.5,21.2,48.6,-1.27,0.0,184.3,58.9
98.9,-0.1,44.0,1.89,3.48,322.9,23.1
61.4,-6.3,30.8,2.97,4.5,308.5,14.3
50.8,20.6,67.2,-0.07,0.0,174.9,84.8
41.0,19.5,71.7,-5.57,0.0,90.0,165.9
58.5,2.3,52.1,-0.4,3.56,241.3,37.7
68.2,32.8,15.0,0.06,2.4,237.3,13.5
92.1,-3.2,92.7,-0.47,4.42,286.0,51.0
50.2,9.5,98.2,0.67,1.78,220.8,85.5
42.2,32.5,48.8,-0.95,1.86,195.5,52.2
49.3,8.9,65.2,1.68,1.33,226.2,56.5
92.4,18.7,50.5,-2.33,0.0,210.8,50.4
48.9,7.9,39.0,2.47,1.66,244.7,30.8
81.4,2.3,17.0,3.1,3.01,307.6,9.4
97.9,34.3,51.0,-1.83,2.47,255.1,43.4
53.9,8.4,83.7,-1.83,1.76,185.4,91.6
101.9,30.2,11.5,0.82,1.43,292.5,8.4
102.2,0.3,62.4,-2.37,3.29,263.4,40.8
108.6,-0.4,89.3,-0.99,3.85,302.0,48.5
45.3,-8.6,29.6,2.21,4.5,301.7,13.2
23.7,19.3,26.5,1.48,0.0,171.3,32.8
100.6,6.6,79.5,3.96,1.77,340.3,44.0
99.4,28.9,33.0,0.34,1.19,277.7,24.2
86.3,11.3,27.3,-1.22,0.5,221.0,25.5
71.1,33.6,44.0,0.1,2.5,242.6,38.4
98.5,-1.7,45.3,-0.3,3.94,294.0,25.6
93.5,29.1,88.7,-0.27,1.56,260.5,74.5
39.9,24.9,65.7,-0.05,0.79,182.3,77.7
45.0,24.7,46.5,-1.86,0.7,156.4,63.3
94.6,28.0,58.1,0.56,1.18,271.1,48.2
81.8,24.2,95.9,-2.82,0.31,186.4,117.7
75.7,18.2,20.2,-1.43,0.0,192.3,22.3
39.0,-4.1,28.7,-0.24,4.43,272.3,16.7
118.9,-8.5,96.6,-4.52,4.5,276.6,47.6
102.2,31.4,96.2,1.54,1.81,307.6,65.6
47.0,17.7,25.9,-4.11,0.0,109.7,50.3
49.9,25.8,23.1,1.34,0.73,209.6,24.1
44.8,11.7,47.9,-2.59,0.5,141.1,67.1
53.9,-4.7,14.5,-0.81,4.16,245.1,9.4
48.9,-4.4,68.9,1.04,4.18,274.8,39.4
38.5,20.9,17.0,4.4,0.0,227.8,16.3
36.4,9.4,15.2,0.23,1.46,203.3,14.6
114.4,-1.0,53.7,-3.97,3.45,266.0,33.8
102.4,12.1,96.2,1.91,0.0,295.9,61.0
107.5,-7.1,48.4,-0.46,4.5,313.6,22.5
56.3,16.2,42.1,0.14,0.0,185.4,49.0
35.5,2.1,99.8,1.12,2.89,256.9,63.6
91.9,25.9,57.9,-4.45,1.13,190.2,66.2
50.1,4.0,43.8,0.01,2.76,230.3,34.7
111.4,10.5,44.7,-0.82,0.81,282.9,29.9
84.6,-9.5,27.5,2.44,4.5,320.0,11.3
41.2,-6.7,56.1,1.45,4.5,295.7,29.2
99.4,7.7,49.5,-3.25,1.49,226.7,41.5
30.0,11.6,34.4,2.53,0.5,208.5,34.6
45.3,17.0,24.4,0.9,0.0,182.8,29.7
115.9,3.1,38.0,-3.09,3.66,284.0,23.9
28.8,21.3,55.8,0.11,0.0,154.7,79.9
109.6,28.7,15.2,2.07,1.07,324.6,9.5
49.6,25.1,23.8,-2.43,0.51,148.3,34.3
28.2,-8.2,95.3,2.76,4.5,350.0,34.6
79.1,11.6,58.9,-3.03,0.58,181.9,62.6
86.3,-5.3,15.7,-1.58,4.5,261.9,8.8
57.1,0.9,72.4,-1.89,3.28,213.5,56.3
35.6,34.4,15.6,2.75,2.3,264.8,12.4
78.9,-3.6,76.5,-0.98,3.88,254.0,46.7
36.5,12.4,77.5,-2.33,0.0,125.0,128.7
96.9,17.8,68.6,0.89,0.0,268.6,55.2
110.9,21.6,75.9,1.32,0.0,306.7,53.7
93.1,15.2,17.9,1.34,0.0,267.3,14.0
88.9,-9.6,75.4,-0.54,4.5,281.1,35.6
39.9,4.7,22.3,0.51,2.04,222.0,18.2
99.7,13.3,40.6,-1.3,0.0,241.7,35.1
99.4,-6.0,94.8,3.35,4.5,350.0,38.6
46.7,5.8,55.3,2.29,1.62,239.9,44.1
75.4,-8.5,97.1,2.17,4.5,305.5,45.2
61.3,-6.5,18.0,1.59,4.45,287.0,8.9
30.7,7.9,53.0,1.04,0.89,199.1,50.8
20.3,-4.0,15.6,-2.49,4.26,319.2,8.0
91.8,15.5,66.7,1.27,0.0,263.4,54.7
46.2,21.0,17.1,0.23,0.0,173.7,21.4
83.7,26.0,25.8,2.53,1.02,278.5,19.5
92.7,-1.0,33.3,1.61,3.54,308.8,17.5
60.4,-2.5,77.4,1.1,4.5,280.2,45.8
59.0,-5.3,24.8,-3.37,4.5,212.9,17.5
96.0,18.6,86.2,-0.18,0.0,250.6,73.8
36.5,21.8,21.9,-1.12,0.0,143.1,32.9
81.0,-8.6,13.2,0.5,4.5,286.5,6.9
36.3,32.1,45.6,-0.83,2.4,213.2,45.5
36.1,-7.7,98.1,-0.55,4.5,275.8,49.2
96.7,14.4,19.9,0.92,0.0,268.4,15.5
28.5,21.9,19.2,-0.86,0.0,139.8,30.1
21.5,29.2,77.6,0.24,1.5,221.0,72.3
54.6,22.1,38.1,-3.04,0.0,135.5,61.3
19.9,26.1,74.6,-1.66,0.89,166.6,94.1
45.0,5.3,28.0,1.31,2.36,241.1,20.1
100.9,26.7,51.4,-2.46,0.95,236.5,45.4
24.6,-6.4,33.9,2.49,4.5,350.0,14.1
30.9,30.3,50.6,1.95,1.74,240.3,47.1
106.6,14.6,79.2,-0.54,0.0,268.8,64.8
48.4,26.8,78.6,6.0,1.11,285.9,58.6
34.6,10.4,56.4,2.49,0.67,214.8,54.1
91.1,19.0,93.6,-1.9,0.0,214.5,92.8
95.3,13.7,33.7,1.49,0.0,274.2,24.8
91.4,22.9,31.6,0.13,0.0,245.6,27.7
102.7,-6.3,65.2,-1.55,4.5,288.3,31.6
37.0,-7.3,65.9,-2.14,4.5,249.8,38.7
103.0,1.1,14.2,1.99,3.3,330.4,7.5
39.7,-2.8,64.7,-1.2,4.44,256.9,38.6
53.3,29.2,43.7,-0.2,1.53,204.9,46.1
23.6,-0.1,77.3,-1.84,3.6,273.7,47.1
24.1,33.9,82.7,-1.5,2.48,230.1,77.8
44.2,5.2,59.7,-0.25,2.82,228.0,46.2
113.0,-1.8,10.2,0.78,4.0,339.0,4.9
34.5,25.5,67.3,-5.18,0.86,105.3,131.9
20.8,19.6,77.4,0.03,0.0,147.7,115.3
42.2,12.4,32.4,-1.49,0.0,143.4,48.2
41.4,15.0,51.8,2.8,0.0,207.0,52.7
93.0,22.4,96.9,5.89,0.0,335.2,64.4
42.8,0.3,36.8,-0.72,3.73,242.7,24.2
40.4,34.8,30.1,-3.44,2.21,166.9,39.1
56.1,33.9,29.0,0.23,2.37,228.9,27.8
102.3,19.3,60.3,-0.41,0.0,260.7,50.2
48.4,-1.0,95.5,3.94,3.66,307.7,50.4
21.9,20.6,64.8,3.33,0.0,197.9,71.0
31.9,-6.8,37.3,1.73,4.5,322.5,16.5
27.4,-8.6,67.5,-1.17,4.5,298.2,33.9
51.4,1.6,66.2,1.36,3.07,256.9,43.5
93.2,10.8,63.7,0.53,1.05,266.5,50.1
77.5,29.1,24.3,0.48,1.48,243.4,21.0
93.2,22.7,67.1,-3.12,0.0,200.6,75.4
38.4,23.4,48.7,2.12,0.0,193.6,57.4
32.8,9.1,11.7,0.22,1.32,199.8,11.6
46.6,5.6,58.6,-0.2,1.87,207.9,52.4
92.4,6.7,99.0,-1.2,2.15,250.9,72.2
99.9,34.4,41.5,-1.59,2.5,262.8,32.1
102.9,-8.2,96.9,0.63,4.5,321.6,42.6
32.3,29.0,18.7,-3.5,1.37,145.8,28.7
62.1,16.0,75.9,1.58,0.0,215.4,74.5
36.8,9.7,20.3,-2.11,1.25,162.6,26.3
103.5,22.6,34.6,-4.12,0.0,207.9,35.2
113.7,11.9,61.4,3.64,0.91,350.0,36.2
91.8,29.3,63.4,-1.72,1.49,235.0,58.4
32.0,30.5,79.8,-1.44,1.56,182.9,93.3
28.8,9.0,65.4,2.27,1.14,226.6,53.0
105.2,2.5,63.4,3.71,3.23,350.0,31.0
96.3,16.7,92.1,-3.07,0.0,207.8,95.9
18.9,31.1,50.7,-1.91,1.46,194.5,55.6
59.9,-0.5,30.3,-1.77,3.75,224.6,22.7
49.3,18.0,24.6,1.87,0.0,202.2,26.7
32.8,18.4,46.0,3.28,0.0,205.6,47.8
30.8,23.0,74.1,-2.16,0.0,122.2,126.7
91.2,-4.1,13.8,2.83,4.5,335.0,6.6
39.0,22.2,21.6,-1.42,0.0,141.1,31.6
18.9,30.9,19.6,0.67,1.98,260.9,15.8
63.4,-1.9,62.7,-2.54,3.73,214.3,45.7
86.6,0.7,31.9,-0.24,3.39,269.6,20.4
93.2,33.7,25.0,-0.22,2.12,266.7,20.5
57.3,-1.9,63.3,-0.63,3.54,237.1,42.7
81.2,28.4,78.5,0.77,1.26,250.8,67.8
74.1,12.2,39.9,-2.01,0.0,180.8,46.0
34.2,1.1,62.0,-1.77,3.73,240.3,46.3
19.6,29.2,18.8,0.88,1.29,225.3,17.0
101.1,10.0,94.2,2.68,0.5,309.4,61.9
84.2,13.2,40.3,-0.05,0.0,228.8,37.3
102.4,6.2,99.8,1.01,1.85,300.3,61.3
97.8,16.7,98.1,1.52,0.0,279.7,76.1
79.2,-2.6,80.1,1.66,3.88,294.0,44.0
43.3,7.6,11.8,-1.91,1.8,180.0,12.8
31.9,33.6,58.9,-1.55,2.5,210.7,62.9
50.4,1.6,17.8,-1.38,3.67,227.7,13.5
44.4,19.6,90.6,3.86,0.0,226.1,86.2
74.8,4.6,81.1,1.02,2.54,261.5,56.0
100.9,24.8,97.5,0.93,0.55,283.2,75.2
97.6,-4.1,64.8,0.73,4.5,313.8,31.6
42.2,33.6,57.0,-2.64,2.27,179.9,66.9
107.8,10.4,56.7,3.88,0.5,342.3,33.2
33.9,0.6,44.8,0.96,2.95,258.9,29.1
46.0,-6.7,52.2,1.45,4.5,289.6,25.7
86.5,-2.4,67.2,-3.53,4.13,228.6,47.3
92.2,13.4,94.0,1.56,0.0,268.7,72.7
95.7,5.2,63.6,-0.71,1.9,261.7,45.4
30.1,27.3,87.1,-2.65,1.21,154.6,121.6
32.9,9.4,87.7,-1.91,0.93,156.0,109.3
33.5,1.2,56.7,-2.53,3.39,220.3,45.9
43.6,17.8,41.3,-2.56,0.0,128.9,68.7
119.1,21.8,67.6,0.12,0.0,308.8,47.9
96.4,-2.5,50.1,-0.77,3.75,281.4,27.7
87.4,-2.5,17.3,0.67,3.77,288.9,8.9
48.4,-8.3,44.0,3.35,4.5,316.3,19.1
80.5,23.1,99.5,-0.26,0.0,218.7,91.5
53.9,19.9,14.4,-4.49,0.0,112.8,27.2
88.0,11.4,72.7,-0.48,0.57,236.1,65.3
52.0,28.0,85.7,2.39,1.63,244.7,73.3
46.5,26.3,68.4,-0.17,0.93,188.2,73.2
44.6,16.3,61.3,3.06,0.0,214.4,64.2
95.1,29.1,73.7,0.91,1.34,279.1,56.0
65.1,-0.7,48.6,-3.68,3.99,202.4,39.5
30.6,-5.0,18.2,0.22,4.47,304.0,9.2
91.3,2.1,96.6,0.59,2.75,282.5,60.3
41.0,-7.4,48.9,2.16,4.5,306.7,23.3
40.4,13.9,69.9,3.64,0.0,218.5,69.5
23.6,32.1,57.8,1.82,2.17,268.3,43.4
38.6,-8.2,14.9,0.88,4.5,291.8,6.9
100.9,-4.5,95.7,1.35,4.5,328.7,45.9
100.7,10.3,81.3,-0.34,1.05,268.9,59.1
28.8,32.0,23.4,-2.93,1.69,167.7,29.1
83.8,4.2,98.3,0.08,2.48,259.5,65.7
37.1,12.8,76.3,0.73,0.0,171.4,91.5
43.2,-8.1,52.5,-2.41,4.5,235.0,31.0
22.6,-3.3,65.0,2.65,4.25,350.0,28.1
24.7,34.4,19.6,2.01,2.49,280.9,14.2
46.3,33.4,60.4,-2.74,2.5,183.3,70.3
96.3,-9.8,16.6,2.73,4.5,341.7,6.4
68.8,32.8,59.0,-0.62,2.2,224.9,54.6
44.7,18.8,59.7,-1.56,0.0,145.3,82.6
87.9,29.1,88.7,2.16,1.43,285.2,70.7
98.3,10.5,75.3,-0.1,0.5,261.7,59.2
92.7,13.2,32.5,3.8,0.0,303.4,22.1
82.1,12.0,90.0,-1.71,0.77,209.3,85.9
52.5,20.0,61.6,-3.46,0.0,126.2,105.0
85.6,-3.7,64.6,-0.56,4.49,276.3,36.1
105.9,-8.7,25.2,1.58,4.5,341.2,9.9
93.5,3.9,87.2,-1.85,1.69,238.3,60.5
39.5,21.7,93.8,-2.66,0.0,122.9,161.4
42.4,-0.9,79.7,0.46,3.72,260.5,47.8
42.3,20.3,94.7,-2.93,0.0,121.9,167.8
30.8,33.6,37.2,0.61,2.33,239.6,33.0
42.9,-5.8,87.5,-0.68,4.5,261.2,48.1
99.9,20.3,54.0,0.99,0.0,276.5,41.3
47.3,10.0,24.8,-2.77,1.46,161.0,32.2
82.8,29.1,70.2,2.6,1.33,281.9,54.8
40.1,-2.0,71.6,-0.37,4.19,262.6,43.0
88.2,21.2,35.8,1.53,0.0,260.1,31.7
51.0,27.7,12.5,1.92,1.21,228.7,11.3
49.3,32.5,28.0,-2.31,2.26,185.2,31.3
88.0,20.7,46.0,1.76,0.0,263.4,37.4
107.0,12.4,25.1,-2.85,0.0,234.8,21.0
103.8,17.8,27.5,-2.74,0.0,229.3,27.1
29.9,29.1,45.2,3.93,1.35,258.1,37.9
44.0,15.7,96.6,2.22,0.0,201.2,100.7
88.8,-8.6,78.8,4.15,4.5,350.0,31.7
47.8,31.9,38.8,-0.74,1.48,192.1,43.2
95.4,21.0,95.6,0.2,0.0,255.1,79.9
51.0,20.4,68.1,1.05,0.0,192.1,73.5
37.3,-0.3,51.0,-0.02,3.44,252.7,32.0
45.7,19.6,52.1,-1.49,0.0,147.4,81.1
59.1,7.7,47.0,-1.79,1.69,189.0,45.7
97.2,19.3,31.0,0.43,0.0,262.2,26.7
87.1,-5.2,44.8,-2.13,4.5,254.7,25.7
43.7,19.6,57.5,-2.19,0.0,134.6,94.0
82.3,35.0,57.5,0.79,2.5,268.0,45.6
24.0,-7.8,78.6,-0.19,4.5,334.1,33.9
38.1,34.0,42.3,1.87,2.5,255.2,35.7
58.0,8.3,74.5,-0.85,1.25,194.5,70.5
109.5,29.2,62.0,-1.16,1.36,278.5,46.9
83.8,25.2,96.6,0.85,0.35,245.5,81.1
87.7,15.5,44.7,-1.62,0.0,211.9,45.6
87.3,23.2,91.1,-1.32,0.0,215.7,87.2
111.2,29.5,83.9,-1.24,1.64,283.7,59.8
114.9,8.2,67.4,-0.42,2.13,308.8,41.8
102.5,4.7,68.9,3.54,2.76,347.6,33.7
102.8,20.0,17.6,-2.75,0.0,226.9,16.8
17.2,26.4,95.5,2.59,1.22,254.8,77.6
56.7,24.3,19.6,1.48,0.57,216.0,19.0
37.2,25.9,60.7,3.13,1.13,237.8,51.1
43.9,9.6,39.7,6.0,1.42,290.0,28.4
93.9,26.8,48.7,2.86,1.12,303.8,32.9
29.2,-4.6,64.9,1.85,4.2,325.0,30.0
111.6,14.5,91.8,-2.62,0.0,249.2,74.4
29.9,-9.7,51.2,-2.37,4.5,268.6,25.1
33.3,4.6,98.9,0.72,2.4,239.8,78.8
46.4,6.5,63.4,-3.4,2.24,168.0,71.4
86.5,7.8,24.4,1.23,1.64,271.3,16.9
63.0,21.3,27.1,-4.27,0.0,128.9,45.1
54.3,7.5,74.4,2.3,1.63,245.1,57.0
88.7,10.2,14.5,-0.64,1.02,240.2,12.0
83.9,0.7,53.2,0.25,2.79,265.9,34.6
60.2,6.8,23.3,-1.5,1.57,192.5,22.6
39.4,0.2,49.0,-3.8,3.56,196.1,42.1
41.6,-6.7,77.5,2.47,4.5,310.3,36.5
98.0,17.2,51.3,2.67,0.0,297.5,36.7
50.4,20.1,24.7,-0.7,0.0,165.0,31.5
49.6,17.9,32.7,1.32,0.0,194.4,35.6
36.3,10.9,43.1,-0.78,0.62,165.0,53.7
35.6,7.1,16.3,0.58,1.72,215.8,14.6
97.5,28.9,62.6,1.52,1.51,294.6,44.1
50.6,13.4,64.7,1.11,0.0,192.4,69.9
37.3,11.6,15.6,2.68,0.5,214.3,14.5
23.0,-8.8,46.2,1.04,4.5,350.0,18.7
39.5,5.4,47.3,0.06,2.5,226.9,37.8
49.5,7.1,40.0,-1.52,1.92,190.3,42.5
102.1,7.9,60.2,-0.96,1.64,268.1,43.4
98.7,16.1,41.1,1.62,0.0,283.4,32.3
82.2,14.0,47.5,-3.0,0.0,180.6,54.0
86.5,17.4,81.8,2.21,0.0,267.0,65.9
106.4,24.4,24.6,-0.56,0.38,271.4,19.8
41.6,26.6,65.7,-1.64,0.97,164.0,83.5
89.4,22.3,55.5,-2.2,0.0,206.6,57.8
86.4,33.0,37.5,1.35,2.19,279.3,29.3
89.8,-9.2,75.5,-0.03,4.5,290.2,35.3
27.3,-1.2,59.6,3.18,3.56,329.7,28.7
31.3,-9.7,53.0,-2.53,4.5,261.0,29.0
77.6,19.1,70.1,-1.16,0.0,199.8,72.8
106.4,30.4,82.2,-0.18,1.67,289.2,61.3
104.7,1.0,97.5,-1.5,3.58,284.0,57.0
39.0,31.7,66.6,0.01,1.89,211.1,65.4
45.5,-7.3,88.7,0.64,4.5,278.0,46.7
45.4,32.0,10.1,0.97,2.06,229.2,9.3
92.4,5.8,57.7,3.01,1.69,309.1,35.0
43.4,-5.4,29.3,-2.61,4.5,231.7,17.6
52.4,11.9,18.5,0.68,1.04,208.1,18.5
115.0,1.6,57.9,-1.29,3.23,305.5,31.8
30.3,2.8,77.2,0.86,3.03,267.2,47.9
86.9,3.8,47.1,0.86,2.2,272.9,32.6
18.3,26.1,70.3,-1.97,0.57,147.2,104.5
105.4,14.3,54.1,-1.8,0.0,247.0,46.9
78.5,4.0,49.3,1.02,2.69,268.5,34.2
87.4,17.5,36.1,0.05,0.0,236.3,33.1
109.5,22.2,44.4,-0.44,0.0,276.8,33.7
34.4,2.3,41.5,1.32,2.51,250.5,28.6
60.5,8.6,68.2,1.46,0.75,223.7,58.0
25.0,-4.5,20.4,-1.06,4.5,314.4,9.7
97.5,-1.8,18.3,-1.7,4.39,275.9,10.3
87.9,20.7,69.4,-2.52,0.0,198.8,72.9
51.9,-1.8,59.2,0.07,3.88,253.2,38.6
83.6,13.6,48.7,-2.85,0.0,185.7,55.8
20.9,21.9,23.7,0.2,0.0,150.3,33.4
100.7,-5.2,47.0,2.43,4.5,344.7,19.8
106.2,15.5,81.1,-0.71,0.0,265.3,64.9
43.0,1.5,90.1,-1.07,3.63,235.0,62.5
59.2,33.3,73.2,4.0,2.43,288.4,53.9
21.1,11.8,15.4,3.02,0.5,216.5,15.0
94.5,26.3,70.3,-1.53,0.68,234.3,69.1
35.4,14.8,31.7,0.28,0.0,162.9,40.3
37.4,-8.0,38.4,0.66,4.5,290.9,19.1
50.9,18.5,27.6,0.41,0.0,182.2,31.9
39.9,32.8,79.8,3.63,2.11,270.7,60.4
47.0,17.1,68.4,0.17,0.0,173.9,81.7
94.1,26.9,65.1,0.47,1.04,267.3,52.6
44.8,29.8,70.1,1.38,1.37,220.0,66.6
88.3,0.3,31.3,2.38,3.94,317.8,16.2
73.0,-0.5,50.0,1.87,3.51,285.4,28.6
51.4,17.5,67.0,1.08,0.0,192.9,73.0
42.6,8.5,67.3,-3.12,1.18,147.2,86.6
99.5,27.8,81.3,-0.98,0.77,253.8,63.8
88.6,30.5,35.8,1.64,1.62,280.9,27.4
46.6,5.9,79.3,0.5,2.27,227.0,65.0
41.5,0.7,49.6,1.65,3.12,265.0,30.8
40.8,25.1,70.3,3.77,0.34,229.2,66.7
93.7,2.4,51.0,-2.35,2.87,243.7,38.0
48.4,27.0,95.4,2.28,1.15,230.9,88.9
27.0,9.1,26.1,-0.66,0.84,172.6,30.8
112.8,20.0,70.8,1.87,0.0,319.3,50.8
95.3,-5.7,61.9,-0.08,4.5,297.8,33.1
33.8,18.1,25.5,4.25,0.0,221.1,24.0
40.9,10.3,15.9,0.26,0.94,191.2,16.1
104.6,16.4,81.9,-1.28,0.0,252.9,68.7
60.9,-2.4,24.2,0.84,4.4,274.8,14.0
19.7,23.2,26.8,0.65,0.0,156.3,38.6
93.4,28.8,98.1,2.28,1.13,294.0,73.1
16.5,-0.2,74.6,0.9,3.82,350.0,34.0
99.9,-5.7,32.5,4.95,4.5,350.0,13.5
102.7,-8.9,63.2,-0.22,4.5,308.4,28.2
61.1,18.9,58.1,-0.2,0.0,187.2,63.7
43.4,17.3,86.0,-1.21,0.0,149.1,124.1
102.6,14.6,75.6,0.17,0.0,270.1,57.7
86.4,0.4,84.9,0.46,3.37,279.6,48.5
84.2,7.6,29.0,0.56,1.79,259.0,20.8
83.2,16.8,67.6,0.13,0.0,229.6,64.1
45.3,12.4,13.6,-1.22,0.0,151.0,18.9
98.1,34.5,16.2,-1.76,2.5,256.8,13.3
57.5,-3.9,74.2,-0.75,4.13,245.6,48.0
40.1,21.3,12.2,2.28,0.0,197.7,13.6
56.3,8.2,62.2,2.71,0.75,237.4,50.9
36.2,9.3,85.6,-0.15,1.53,199.6,84.5
75.5,22.3,44.2,-1.88,0.0,185.2,51.5
44.5,21.2,14.0,-0.16,0.0,166.0,18.1
41.5,34.6,74.2,4.18,2.5,288.0,50.6
36.8,-4.2,93.7,2.0,4.5,312.4,47.4
101.5,-5.3,74.5,1.1,4.5,326.1,34.6
103.4,22.6,62.1,1.93,0.0,298.3,43.1
27.5,16.0,30.7,3.08,0.0,198.1,34.7
56.9,2.3,11.4,-2.31,3.24,206.5,9.4
50.7,-6.4,72.5,-0.78,4.5,252.9,41.7
100.8,-6.1,30.8,-1.06,4.5,292.5,15.9
101.8,30.2,87.2,1.17,1.66,299.7,62.9
38.8,-1.4,52.0,0.32,3.59,259.5,33.8
95.2,4.6,57.8,1.51,2.53,300.8,34.4
44.1,0.2,77.9,-1.01,2.98,220.2,62.1
102.2,6.0,80.1,2.74,1.78,325.2,44.7
64.2,-6.9,67.8,-0.14,4.5,262.9,38.7
53.9,13.4,94.5,1.39,0.0,200.9,91.9
40.5,-7.0,98.4,2.39,4.5,310.8,44.1
50.7,26.0,95.2,2.23,0.41,217.4,95.0
95.1,0.5,84.2,0.72,3.17,295.6,47.4
51.9,14.3,73.5,1.64,0.0,202.1,77.2
87.1,29.6,69.7,3.48,1.55,305.1,49.2
92.2,19.3,19.3,1.03,0.0,260.7,15.4
53.8,14.0,34.4,-1.46,0.0,158.0,44.6
39.0,4.6,10.5,1.17,1.69,223.1,8.6
44.5,5.0,22.4,-0.07,2.44,222.0,18.0
99.0,20.1,49.5,-4.7,0.0,189.3,58.5
64.2,34.7,23.2,0.92,2.5,247.7,19.5
56.3,19.8,91.1,0.23,0.0,186.8,107.2
39.6,15.1,82.5,2.31,0.0,197.7,90.9
104.4,22.9,16.4,-1.5,0.0,249.2,13.9
54.4,10.9,32.4,-3.01,0.56,145.8,42.2
65.8,-7.3,83.7,0.34,4.5,270.8,45.8
53.4,15.3,82.3,0.76,0.0,190.9,90.0
68.1,33.1,95.1,0.19,1.96,232.6,85.5
107.2,-2.1,99.8,0.04,3.64,312.8,50.8
32.2,21.1,97.9,-2.14,0.0,123.8,169.8
95.4,-1.0,46.9,-0.28,3.61,285.7,27.6
100.5,14.1,32.5,-0.7,0.0,252.6,27.3
108.4,-5.6,78.3,2.15,4.44,350.0,33.1
88.8,10.3,36.9,0.76,1.52,266.8,28.5
51.7,24.0,82.6,-0.56,0.42,177.0,102.1
56.8,5.6,58.1,3.45,1.37,259.9,40.4
104.0,19.9,81.5,-0.54,0.0,262.7,64.4
34.8,25.8,34.8,1.12,0.68,194.5,37.5
92.7,31.7,55.7,-0.33,1.9,261.8,45.3
36.4,0.6,60.8,3.26,3.23,297.3,33.1
97.5,8.0,94.9,0.17,1.54,274.8,66.6
85.8,-3.1,34.0,0.23,4.05,283.3,18.7
26.5,34.7,94.3,-0.28,2.5,241.2,75.8
38.4,31.7,82.4,0.39,1.85,215.8,78.0
98.3,14.3,75.8,2.4,0.0,294.1,50.1
108.6,27.9,80.8,1.69,1.23,318.1,54.1
51.4,13.4,64.5,0.06,0.0,177.6,78.7
97.1,18.1,32.0,3.4,0.0,306.7,21.1
58.9,-6.0,27.1,1.75,4.5,289.6,13.2
40.5,24.0,88.0,-0.88,0.0,150.8,124.8
100.2,-4.3,75.3,-2.76,4.32,264.1,42.2
94.9,27.2,29.2,-0.83,1.02,249.2,24.4
100.7,25.2,65.4,0.83,0.73,283.0,50.5
90.2,21.9,50.3,1.19,0.0,259.1,41.1
46.3,-8.4,24.3,2.72,4.5,308.4,10.5
96.4,3.6,57.9,-2.19,2.25,244.6,39.5
48.7,1.8,35.3,-0.88,2.33,208.1,31.2
39.3,6.2,18.7,-2.36,1.56,167.0,21.6
36.8,-6.1,52.0,-2.68,4.5,242.2,31.2
66.1,32.2,63.1,-1.26,1.93,208.2,64.6
24.3,14.9,14.2,0.73,0.0,160.6,18.7
50.8,3.7,46.2,1.54,2.53,248.9,33.7
35.1,7.9,33.2,-1.9,1.76,180.2,34.5
38.0,10.1,12.8,-1.62,1.12,166.5,15.0
108.2,17.0,21.3,-3.56,0.0,227.1,20.5
32.4,13.2,22.5,0.43,0.0,162.4,30.3
48.9,31.4,26.5,-1.46,1.66,185.6,31.1
92.5,12.4,82.3,3.33,0.0,295.7,59.6
83.5,34.6,49.6,0.82,2.39,269.0,38.3
92.5,28.3,23.2,-0.34,1.55,257.6,19.0
30.2,-0.6,19.0,-1.28,3.46,249.7,11.8
99.4,31.9,36.8,-2.99,2.17,237.5,33.1
67.9,-4.8,81.8,-2.74,4.5,225.9,55.4
37.4,26.8,42.8,-1.24,1.2,174.2,52.4
37.5,7.1,24.4,-1.4,1.6,182.6,24.7
81.4,29.5,46.4,-2.0,1.76,215.8,47.9
36.1,29.1,60.0,0.75,1.32,207.3,63.4
9.1,26.3,12.7,1.03,0.91,248.3,11.4
46.9,25.6,66.5,-0.92,0.73,172.9,80.3
96.8,3.7,45.6,3.87,3.14,345.5,23.1
92.9,-6.4,10.9,-3.49,4.5,242.7,6.8
51.0,8.1,70.7,0.12,2.03,217.9,62.4
101.8,-2.2,74.1,-0.44,4.3,301.5,38.5
37.9,21.3,66.6,-1.1,0.0,144.8,97.4
94.4,5.6,40.8,-1.4,2.09,251.0,30.0
25.1,33.9,57.7,-0.01,2.5,249.6,50.2
97.5,18.8,44.8,-0.45,0.0,249.6,38.4
45.2,27.0,73.1,-0.78,0.94,178.3,90.2
85.2,-4.0,62.5,-2.6,4.2,241.7,40.3
23.1,28.8,17.4,-3.24,1.38,159.8,22.7
46.9,31.5,67.9,-0.58,1.92,203.5,69.3
49.0,11.9,71.9,-0.8,0.58,173.5,83.8
17.3,17.3,43.4,-0.39,0.0,139.3,64.3
51.6,24.4,88.8,-0.22,0.59,185.2,101.5
81.6,-2.1,85.9,-1.05,4.01,258.1,55.6
38.3,12.6,25.8,-0.42,0.0,155.2,34.4
107.2,7.9,91.4,-1.71,1.49,266.4,64.4
95.6,-3.4,49.7,3.05,4.29,343.0,23.8
76.2,6.5,75.1,-1.6,1.25,207.1,66.2
77.0,-6.9,83.3,-0.74,4.5,263.5,44.3
96.6,-8.8,55.5,-1.45,4.5,279.4,28.4
41.5,-3.9,45.9,-1.48,4.06,240.5,30.0
78.8,33.3,92.4,0.05,2.4,250.6,77.6
38.1,14.7,30.8,-0.2,0.0,158.4,42.6
108.3,33.5,33.1,-0.92,2.31,288.3,24.5
113.9,9.5,42.5,-0.57,1.28,296.7,27.3
44.3,4.0,87.4,-1.44,2.24,197.0,73.9
37.4,12.8,94.5,0.8,0.0,172.8,111.7
52.3,9.8,29.8,4.11,1.22,263.0,23.2
116.0,-5.2,87.7,-1.75,4.5,311.7,41.6
89.2,18.8,33.2,0.79,0.0,251.1,28.8
47.2,-0.3,97.4,0.09,3.88,255.0,63.6
92.4,17.9,63.8,1.34,0.0,265.9,48.9
110.1,19.3,10.6,1.39,0.0,305.9,7.4
43.5,-3.2,13.1,0.41,4.24,270.9,7.6
49.6,-7.2,23.3,-0.08,4.5,264.0,12.3
105.0,25.1,26.9,-0.87,0.65,266.2,21.5
95.4,10.7,79.1,-1.53,0.64,235.8,68.2
84.6,-7.4,30.0,-0.19,4.5,280.5,15.3
46.9,34.8,97.2,-2.57,2.5,186.0,113.2
54.2,-7.4,67.3,-1.19,4.5,245.7,39.5
27.9,21.3,72.3,2.21,0.0,185.5,81.4
54.3,34.3,29.6,0.2,2.5,229.6,26.7
34.2,0.8,90.3,1.79,3.25,279.3,54.7
113.3,-3.6,70.1,2.94,4.15,350.0,32.3
35.9,-4.5,87.8,-0.35,4.29,273.5,48.1
93.2,3.6,96.1,0.41,2.56,281.1,57.8
52.7,-5.5,21.3,-0.6,4.5,254.8,12.6
76.4,21.1,18.7,-1.63,0.0,190.6,20.6
33.8,-7.2,82.3,-1.91,4.5,261.7,43.4
44.2,12.9,88.0,1.69,0.0,193.4,94.8
70.8,34.9,62.5,0.42,2.22,243.2,55.5
87.6,26.6,42.9,3.69,0.73,299.8,30.3
110.4,17.7,68.7,1.94,0.0,314.8,47.7
66.1,3.8,37.5,-1.46,2.8,218.3,31.4
40.8,18.1,31.5,1.68,0.0,189.5,36.5
92.9,13.7,53.9,-0.61,0.0,237.6,46.8
33.7,9.2,29.5,2.43,1.74,245.3,22.8
41.2,-4.1,53.5,-0.97,4.5,259.4,30.7
94.5,29.9,96.1,-2.1,1.71,236.6,89.4
101.3,10.2,85.6,-1.59,0.72,248.0,70.3
60.0,-1.2,94.7,-1.49,3.8,229.5,65.2
34.7,6.5,82.6,-1.68,2.32,200.0,82.5
89.2,8.6,41.9,-1.15,0.99,233.1,33.9
21.6,27.2,83.1,1.71,1.1,224.5,82.0
46.5,23.0,93.1,3.59,0.0,224.6,93.2
75.2,24.6,95.2,-2.66,0.58,180.7,113.7
89.8,-9.5,71.5,2.53,4.5,328.4,28.9
39.4,8.7,29.0,-0.96,0.88,170.9,32.3
113.5,11.7,13.6,0.7,1.09,313.0,8.8
105.3,-9.1,23.2,-3.31,4.5,266.8,12.3
41.7,1.7,96.9,1.05,3.75,270.8,59.3
119.2,24.2,51.6,-4.01,0.58,251.8,41.6
44.6,-3.8,86.9,0.63,4.5,278.8,48.6
55.5,14.1,51.9,0.51,0.0,189.9,58.9
83.4,-0.3,69.5,0.38,3.55,276.2,44.1
44.3,-9.5,12.2,-1.47,4.5,247.7,6.4
60.2,0.9,32.5,1.1,3.34,260.9,21.0
47.0,33.9,49.3,0.78,2.43,234.7,45.8
57.7,26.1,66.8,-0.42,0.7,191.1,75.4
97.1,33.2,25.4,1.34,2.36,300.2,17.8
85.8,12.0,78.8,-0.19,0.5,235.4,70.3
99.5,-5.1,42.8,1.06,4.5,321.9,19.6
43.6,14.7,83.6,-0.25,0.0,163.6,112.1
41.4,10.4,18.8,0.43,0.5,183.5,19.8
45.4,28.0,71.2,1.15,1.2,213.2,68.5
37.9,-5.6,36.4,-0.8,4.5,268.1,20.0
44.7,12.0,81.6,-2.47,0.5,142.8,108.2
103.3,-3.2,46.2,0.55,4.48,320.8,22.5
103.0,4.6,69.9,2.38,2.64,329.9,36.4
96.0,23.2,94.1,0.6,0.0,262.2,77.8
37.4,11.4,11.9,0.64,0.87,193.5,12.5
90.6,6.9,11.0,-0.08,1.87,261.5,7.9
45.2,7.8,79.3,1.48,1.31,220.3,69.9
44.2,10.7,68.2,-0.37,0.89,182.7,75.5
88.3,25.3,36.4,-0.91,0.58,230.2,33.7
100.0,30.1,54.5,2.21,1.77,312.6,39.5
22.8,33.0,13.8,-1.06,2.33,234.8,12.6
49.5,25.4,27.3,1.78,0.73,215.7,27.9
59.8,4.2,48.2,2.21,2.69,266.5,33.6
90.9,21.0,85.1,1.13,0.0,259.7,71.8
61.1,9.7,53.2,-2.5,0.9,167.4,66.7
106.7,1.5,62.8,0.05,3.17,307.5,35.1
41.9,27.8,88.6,-0.4,1.51,195.5,97.5
37.2,-8.3,37.8,-0.99,4.5,266.6,19.5
25.4,30.6,73.1,0.29,1.98,232.7,66.8
53.9,10.8,87.6,1.54,1.31,227.4,75.8
32.7,18.7,28.2,-0.92,0.0,142.5,43.5
87.5,19.7,42.1,-0.34,0.0,230.8,38.1
101.0,30.3,98.2,-0.48,1.86,275.1,76.8
90.3,18.7,98.5,2.33,0.0,276.4,77.9
88.9,17.6,30.1,-0.51,0.0,231.0,28.1
107.0,-7.0,16.0,-2.47,4.5,282.7,7.9
89.5,13.3,34.4,-3.15,0.0,192.6,38.2
97.8,-3.2,45.8,0.73,4.49,313.9,22.7
38.4,23.2,49.7,-1.52,0.0,138.9,70.3
72.4,13.0,65.7,1.34,0.0,228.1,58.3
39.3,20.6,91.0,-2.66,0.0,122.7,166.1
39.2,-8.1,39.7,-1.08,4.5,261.2,22.3
32.4,-6.2,86.5,-2.66,4.5,254.9,50.6
97.8,22.2,18.4,0.87,0.0,270.1,15.0
49.4,-6.8,13.8,1.3,4.5,284.8,6.8
56.4,-6.8,55.4,0.68,4.5,273.4,29.1
24.1,-9.5,15.4,-2.17,4.5,303.4,7.2
39.0,33.0,45.3,-1.49,2.5,204.1,47.6
47.4,23.2,90.7,0.47,0.0,178.8,109.3
49.0,5.9,31.7,-3.38,1.7,157.8,37.1
42.1,3.3,73.5,-0.48,2.64,221.2,61.0
48.5,5.7,37.2,3.03,2.4,268.1,26.6
111.5,24.9,14.0,-0.36,0.54,287.8,10.7
100.3,19.8,60.1,-2.98,0.0,217.8,59.5
53.9,-1.7,85.1,-1.21,3.74,231.2,58.7
25.9,-2.2,46.9,-1.26,3.92,283.4,26.9
29.1,-5.6,65.6,4.28,4.5,350.0,26.9
82.2,19.7,91.0,3.33,0.0,275.5,69.1
50.1,24.4,81.1,1.46,0.39,204.8,81.4
26.6,1.9,27.4,-0.69,2.93,251.1,19.6
108.9,-9.1,76.0,2.4,4.5,350.0,29.2
47.5,-6.3,55.2,-2.27,4.5,232.7,35.1
41.2,33.6,77.1,2.15,2.48,257.3,63.1
45.1,3.3,54.5,1.86,2.27,247.3,42.5
92.1,24.6,21.5,-0.3,0.47,245.7,19.1
92.5,18.1,61.3,2.28,0.0,280.1,44.4
100.3,7.2,54.3,-0.89,1.87,267.8,39.8
38.1,-0.7,56.6,-2.53,3.49,215.1,42.7
44.9,-4.5,89.1,1.96,4.5,298.5,45.1
99.5,17.7,90.5,-0.17,0.0,258.1,73.9
77.0,24.9,50.8,1.2,0.57,241.6,45.5
33.0,19.0,51.0,3.64,0.0,211.2,52.2
118.0,13.9,56.4,-1.44,0.0,282.6,41.3
42.0,-8.1,56.8,-0.29,4.5,268.4,29.3
25.5,33.6,95.5,3.14,2.12,280.6,72.1
98.6,25.9,68.4,1.34,0.91,288.1,47.5
46.7,3.2,35.0,-1.4,3.29,220.4,26.9
71.2,34.1,57.8,-1.91,2.13,207.3,61.7
55.9,17.1,66.5,-1.06,0.0,166.9,86.4
57.2,16.2,67.6,-1.48,0.0,162.5,88.0
107.8,23.7,62.7,0.47,0.0,286.7,44.6
95.5,26.5,26.0,0.16,0.89,263.8,21.2
40.3,19.5,13.0,0.56,0.0,172.1,16.8
47.0,-4.2,40.4,-1.68,4.16,234.7,28.4
87.0,5.2,48.5,-0.14,2.45,260.9,36.0
53.1,31.8,15.6,-4.11,1.95,154.0,21.0
86.7,0.1,83.3,0.29,3.73,281.6,48.7
100.4,6.7,41.0,2.35,1.62,314.2,23.5
28.0,9.4,92.2,-2.85,1.32,156.7,113.1
24.5,9.8,23.9,0.97,1.55,227.5,20.7
44.3,17.6,15.1,-1.22,0.0,149.8,21.5
99.7,32.4,53.4,1.61,2.0,305.4,39.4
49.8,0.8,27.0,0.32,3.06,241.0,18.2
40.6,-4.5,94.4,0.81,4.5,287.1,49.9
28.1,-1.1,10.9,0.13,3.9,293.1,5.7
96.1,29.9,47.1,2.66,1.23,306.1,33.4
55.8,19.1,93.4,0.69,0.0,193.1,99.8
36.2,2.9,44.6,-1.41,2.94,219.7,36.9
93.5,26.7,18.4,0.2,0.59,257.3,15.2
95.3,28.8,37.3,-0.74,1.2,253.3,30.3
79.9,28.1,54.8,0.32,1.33,242.9,45.5
36.5,31.4,26.7,-0.84,1.93,200.1,27.6
54.6,1.4,52.0,-1.35,3.39,222.8,40.2
100.6,24.0,85.3,0.4,0.0,269.1,69.0
36.1,10.7,88.5,0.11,0.87,185.2,94.8
87.3,27.9,14.4,2.13,1.17,280.8,11.4
97.2,22.8,24.5,-0.83,0.0,243.4,20.9
25.0,24.9,34.8,-3.96,0.41,107.1,63.7
99.3,19.5,63.5,-0.73,0.0,249.5,55.2
73.4,-2.0,42.5,-3.25,4.16,217.7,32.5
45.9,14.5,86.0,0.83,0.0,182.5,104.5
43.8,34.3,74.5,-3.35,2.5,174.4,86.3
38.4,32.2,19.0,-1.98,1.68,175.8,22.7
53.2,-8.1,66.2,-0.72,4.5,252.9,37.6
42.8,-2.6,20.2,3.09,4.2,310.8,10.1
71.6,-4.1,33.0,-2.15,4.38,235.8,21.5
86.8,22.7,26.0,0.02,0.0,234.9,23.3
5.0,26.8,25.6,1.16,0.48,206.0,25.8
45.4,-0.4,65.5,2.97,3.23,285.1,37.0
103.8,12.8,60.7,1.56,0.0,293.6,44.2
39.5,27.8,25.8,2.19,1.12,224.0,24.8
105.0,23.0,99.1,1.73,0.0,298.9,74.0
61.0,14.4,48.0,-2.42,0.0,153.9,67.5
46.8,16.6,18.7,0.72,0.0,181.9,23.2
44.0,12.9,20.9,1.7,0.0,193.3,23.0
93.8,3.4,62.6,-1.91,2.5,246.5,46.1
46.4,15.4,98.1,-1.16,0.0,153.2,137.2
105.6,21.0,61.5,-1.61,0.0,250.2,57.6
54.9,29.3,95.4,1.55,1.35,229.2,89.8
28.7,18.6,50.0,-0.14,0.0,150.8,67.0
45.9,24.3,49.2,-0.64,0.65,174.6,61.1
100.5,-2.8,55.0,-2.56,4.28,267.0,31.5
103.9,10.8,72.8,-0.13,0.94,277.5,54.4
44.3,-9.6,43.1,-1.14,4.5,252.7,23.6
62.1,1.1,87.7,0.49,2.94,246.4,60.3
23.2,22.7,12.6,-2.29,0.0,114.5,23.1
34.8,34.6,49.6,0.36,2.5,235.4,44.4
51.9,-5.5,56.0,-0.88,4.5,251.0,32.5
93.5,8.1,64.6,-2.5,1.64,228.1,55.9
95.2,26.0,34.8,-2.65,1.13,223.6,34.1
30.5,-0.8,48.5,-2.35,3.97,249.2,34.7
34.9,15.0,53.6,-0.41,0.0,152.1,74.7
96.8,23.0,71.8,0.24,0.0,258.6,59.2
105.0,17.7,79.6,0.54,0.0,281.2,60.6
46.5,-1.5,76.4,0.62,4.3,272.3,45.2
40.6,6.0,40.7,-1.52,2.16,194.6,40.1
27.8,25.3,100.0,2.12,0.54,203.5,104.7
53.2,14.9,86.4,-0.88,0.0,165.9,118.5
48.0,-9.8,33.4,0.9,4.5,279.7,16.4
69.7,24.2,27.6,-0.33,0.55,206.5,28.3
95.4,-8.4,38.3,0.75,4.5,310.4,16.8
51.9,23.6,50.7,-0.43,0.0,171.0,65.8
26.3,-0.9,86.6,0.79,4.22,323.5,43.9
43.9,33.1,80.1,-0.01,2.17,217.0,78.1
88.7,6.6,86.6,1.63,2.69,293.0,54.5
87.7,4.7,34.5,-1.64,2.46,239.7,26.1
39.5,-3.3,63.4,-3.54,4.49,223.3,43.4
35.2,3.8,35.5,-1.95,2.78,208.3,31.7
101.8,29.4,19.8,2.14,1.77,315.3,13.8
46.6,34.8,71.6,-0.31,2.5,219.8,67.9
55.4,6.6,22.9,0.18,1.86,218.5,19.5
40.4,10.2,70.1,-2.11,1.3,164.5,85.2
44.5,22.5,68.3,0.13,0.0,170.3,86.2
43.4,29.9,82.9,-2.05,1.75,176.7,98.0
87.4,16.7,22.6,-1.75,0.0,209.3,21.9
97.4,7.6,80.5,-0.8,1.9,263.7,57.0
55.3,8.6,99.9,0.89,1.46,221.8,87.2
80.1,21.3,86.6,1.1,0.0,238.3,76.4
46.7,-9.9,77.7,1.16,4.5,284.6,37.7
32.3,17.9,69.6,-3.18,0.0,108.3,137.2
99.8,6.0,48.0,-0.01,1.54,276.8,34.0
108.6,25.7,75.7,-0.39,0.53,280.3,57.1
23.6,-5.8,75.2,-3.06,4.5,293.8,38.0
21.7,16.5,66.8,0.03,0.0,148.3,96.1
110.6,11.6,81.7,-0.5,0.65,284.4,59.4
106.0,18.9,50.4,1.02,0.0,290.7,38.5
86.6,-7.1,20.9,0.16,4.5,288.5,10.6
29.8,16.1,60.3,-1.1,0.0,137.3,88.7
32.2,15.3,33.9,1.85,0.0,183.6,40.2
36.5,15.2,44.6,-4.44,0.0,93.3,99.7
37.8,17.2,11.6,-0.13,0.0,159.2,15.5
81.2,20.4,44.5,-3.53,0.0,170.8,57.1
54.7,26.2,82.8,-1.82,0.76,167.7,102.6
54.3,2.1,58.8,1.05,2.63,244.7,43.2
90.6,27.1,10.9,-2.55,1.01,215.0,10.8
30.0,12.4,52.3,-2.85,0.0,111.3,103.5
27.3,-6.5,36.2,4.76,4.5,350.0,15.1
94.7,-7.4,53.0,-2.72,4.5,257.2,30.9
97.2,5.0,46.4,3.3,2.33,329.4,26.7
108.8,25.3,93.9,-0.34,0.92,285.2,69.5
27.0,21.8,13.7,-1.05,0.0,135.8,20.9
97.0,25.5,71.5,1.13,0.3,275.5,56.0
85.4,13.3,86.6,2.67,0.0,271.9,65.5
45.2,9.8,96.3,-2.29,1.3,163.6,122.3
45.0,-3.4,26.0,-1.02,4.5,253.6,15.8
107.8,4.8,57.8,1.69,2.19,325.3,32.1
50.2,9.5,13.9,0.58,0.74,198.7,13.2
76.8,-6.0,54.9,2.2,4.5,307.5,26.6
40.1,-0.1,21.3,1.03,3.88,275.7,12.4
50.2,16.9,85.4,3.62,0.0,229.6,81.1
34.3,23.1,20.2,0.36,0.0,163.1,27.2
99.4,34.9,56.2,0.44,2.5,292.3,39.4
49.1,32.0,56.9,0.64,1.92,222.7,55.9
31.7,18.9,97.4,-0.28,0.0,151.1,137.5
94.0,9.0,68.9,1.7,1.09,286.1,45.0
86.3,18.6,35.9,0.47,0.0,240.7,33.6
94.8,25.4,31.7,1.58,0.3,277.6,23.8
49.3,-4.7,21.5,1.89,4.5,293.8,11.3
47.7,8.4,78.1,0.86,1.86,224.1,68.4
91.8,27.8,72.2,1.0,1.07,271.1,57.9
92.7,7.3,64.9,-2.02,1.78,235.3,53.0
43.4,15.7,13.7,-1.1,0.0,150.6,19.0
41.6,16.4,78.7,1.69,0.0,190.5,93.3
105.2,-1.7,67.8,2.85,3.81,350.0,32.1
43.4,6.3,96.7,-3.88,2.24,160.5,114.3
103.5,5.1,62.8,-1.14,2.02,272.2,40.5
38.3,-8.8,37.4,0.05,4.5,279.9,17.9
42.7,-8.9,44.3,-1.76,4.5,245.3,25.4
103.7,27.4,25.8,-1.65,0.78,252.8,20.6
38.2,2.3,75.1,0.95,2.81,249.3,52.9
58.7,13.3,73.7,3.16,0.0,234.1,63.3
45.8,3.4,28.1,-4.06,2.54,164.5,29.5
41.7,32.3,24.3,-0.34,1.6,198.5,24.9
104.0,1.7,16.9,0.93,2.89,312.4,9.4
95.9,9.3,92.1,1.56,1.02,287.1,65.2
93.9,29.3,31.0,0.64,1.4,273.4,24.6
62.6,27.9,41.0,3.52,1.12,263.1,33.9
42.6,-1.6,35.2,0.06,4.33,268.7,21.3
39.1,26.1,47.2,2.62,0.77,221.7,46.7
103.9,10.6,74.3,-1.29,1.34,264.1,57.3
98.5,11.7,88.4,0.12,1.11,271.6,61.1
101.0,-4.0,26.4,-2.43,4.5,272.2,15.3
28.9,-6.4,71.8,1.8,4.5,335.9,32.0
40.3,22.8,41.7,-0.24,0.0,160.1,55.4
38.0,12.3,98.2,0.72,0.0,172.1,110.9
45.1,9.7,36.9,-0.63,0.66,174.2,42.2
28.6,22.8,10.6,1.17,0.0,170.4,13.6
88.1,24.4,56.4,0.79,0.54,255.1,46.9
53.0,-2.8,23.6,-1.99,4.16,227.4,16.4
37.6,17.5,14.0,-1.87,0.0,132.9,23.4
39.4,-3.9,72.8,-0.06,4.5,276.2,43.5
87.5,23.8,75.9,1.32,0.0,255.6,64.1
100.9,19.6,51.5,3.73,0.0,319.7,35.0
102.2,33.0,70.9,0.61,2.03,295.8,49.5
88.5,-6.9,58.4,2.02,4.5,318.9,26.1
61.4,-7.4,66.7,-3.23,4.5,215.5,44.0
86.3,2.7,63.7,4.03,2.84,326.8,35.4
53.2,1.8,69.9,1.21,2.25,239.7,51.5
46.4,1.1,28.0,-0.1,3.41,242.7,20.8
90.0,30.8,34.2,-0.33,2.11,259.3,27.0
92.6,1.2,49.6,-2.21,3.57,251.4,32.3
53.6,2.2,50.2,-1.64,2.93,209.6,43.0
26.9,24.2,79.7,3.82,0.43,224.7,79.6
49.6,10.2,43.1,-1.98,1.31,171.3,50.2
69.9,25.0,24.6,-2.02,0.85,185.8,24.7
54.7,-7.1,32.6,-1.4,4.5,242.3,18.9
59.0,11.9,29.3,-2.4,0.5,159.6,38.1
44.6,-8.5,75.8,0.03,4.5,269.8,38.1
76.1,-7.2,52.3,2.18,4.5,306.3,24.6
33.4,30.8,73.8,-1.22,1.42,181.2,92.2
51.6,-3.7,47.5,-2.75,4.5,223.1,34.3
49.9,14.0,90.1,0.58,0.0,183.6,106.4
82.6,8.5,98.5,-0.11,1.57,243.7,78.3
57.8,5.6,70.3,2.01,1.73,245.5,52.1
35.5,30.5,87.7,-0.91,1.53,188.4,102.2
39.8,-9.0,55.7,-0.52,4.5,268.6,28.6
84.9,19.9,94.1,-0.3,0.0,226.3,89.6
93.6,33.4,84.8,0.18,2.41,276.6,61.8
72.7,15.2,99.3,-0.79,0.0,196.9,106.0
94.6,32.2,66.1,-1.11,1.99,254.7,56.4
103.2,-7.6,80.1,-3.7,4.5,257.1,42.8
94.6,8.8,58.9,-1.13,0.73,241.1,48.0
35.7,1.7,33.3,1.43,3.06,266.2,21.8
32.0,22.9,41.9,1.7,0.0,181.2,50.5
101.0,34.2,90.5,-0.94,2.22,272.0,71.2
50.3,1.5,15.0,2.6,3.01,274.3,9.6
48.6,19.4,63.2,-0.06,0.0,172.4,77.4
119.4,-1.1,43.5,-2.68,3.57,297.4,22.8
31.8,15.4,44.8,-3.3,0.0,106.0,88.5
94.1,10.9,89.6,2.44,0.93,295.8,62.5
114.4,33.7,86.8,-0.75,1.98,301.4,58.6
42.7,17.4,63.9,-2.43,0.0,129.9,102.4
89.9,5.7,34.6,-4.52,1.72,191.9,32.3
45.7,-4.9,52.8,-0.79,4.5,256.3,29.4
52.3,-3.2,46.7,0.81,4.47,275.5,25.6
26.8,0.1,41.8,-1.4,3.79,271.7,26.5
94.3,1.3,19.3,-2.11,2.84,248.1,13.0
92.2,28.3,58.9,-1.1,1.4,244.0,49.2
63.6,15.3,37.2,2.49,0.0,231.3,34.0
87.5,13.6,69.5,-2.79,0.0,194.1,76.4
64.0,-4.8,38.7,-1.28,4.26,241.8,22.9
94.6,28.7,48.8,2.42,1.47,302.1,35.7
20.6,22.5,14.7,0.99,0.0,161.9,18.7
95.8,-7.0,99.3,0.36,4.5,305.2,46.4
34.6,21.9,55.7,-1.3,0.0,138.6,85.3
39.6,14.5,12.2,0.06,0.0,163.9,15.6
57.6,-6.3,58.7,-1.08,4.5,247.1,34.7
113.7,10.6,88.3,-1.72,1.71,282.8,64.2
44.7,11.8,79.5,-2.16,0.68,151.5,107.3
102.0,-2.5,73.1,1.57,4.15,330.5,34.4
30.5,32.6,22.6,-0.12,2.16,223.4,21.7
45.0,28.2,69.2,0.63,1.15,204.0,73.4
50.4,20.1,79.0,0.3,0.0,180.0,92.4
94.4,10.8,61.5,0.88,0.75,271.1,45.8
29.6,8.5,90.3,-0.51,1.0,179.8,95.3
88.6,19.3,34.9,-0.96,0.0,223.6,32.7
97.8,14.5,31.8,-1.63,0.0,232.7,29.9
101.3,-7.2,88.3,-2.83,4.5,266.7,48.1
32.6,13.1,66.3,-2.24,0.0,122.5,115.5
97.9,26.3,10.1,-0.73,0.64,252.8,8.8
94.6,10.7,41.8,-3.21,0.81,210.8,38.8
61.1,-7.7,87.2,-2.76,4.5,222.4,57.3
93.0,25.4,12.5,2.08,0.67,285.4,9.3
36.2,-0.9,10.3,0.45,3.76,270.3,6.4
41.9,1.6,35.3,-0.9,3.16,227.3,26.6
42.8,-2.6,92.3,4.54,3.63,319.3,46.2
33.3,4.9,91.1,-3.3,2.54,183.6,91.4
31.0,24.1,56.7,1.95,0.3,193.8,64.4
50.4,13.4,59.8,-0.22,0.0,172.2,69.3
107.9,-0.8,39.9,1.57,3.44,335.3,18.6
49.2,29.5,31.9,0.22,1.35,204.7,34.2
60.2,29.6,83.4,-3.74,1.77,162.1,111.8
35.5,29.2,19.6,0.19,1.07,191.8,21.4
85.4,0.7,53.9,0.67,3.27,280.1,32.9
98.7,10.3,67.1,-4.38,1.31,206.5,62.2
84.0,34.3,19.3,3.89,2.5,317.1,14.1
100.4,24.7,56.8,0.62,0.85,280.4,45.2
36.7,-8.8,62.0,1.34,4.5,303.0,28.8
91.8,-7.1,76.8,-2.33,4.5,258.6,42.8
48.3,10.9,31.1,1.38,0.79,210.0,29.4
44.9,30.9,36.4,2.18,1.95,244.9,30.6
78.5,14.2,61.3,0.51,0.0,226.4,57.3
37.3,12.4,98.5,-0.02,0.0,160.4,123.6
106.4,-5.3,29.6,-1.79,4.5,291.8,14.8
105.4,19.6,98.7,-0.43,0.0,267.4,76.0
30.2,27.0,74.3,-1.02,1.08,174.5,92.2
32.8,7.1,84.3,1.14,1.27,212.2,74.5
59.2,24.9,18.1,-1.7,0.49,170.2,23.2
104.1,33.4,37.0,1.13,2.15,308.7,25.7
97.1,-0.8,15.2,-1.68,3.95,271.1,9.3
24.0,13.5,43.4,-0.52,0.0,141.5,69.7
56.3,2.9,98.3,1.23,2.8,251.6,70.5
85.9,25.7,19.5,-1.41,0.3,215.1,18.7
107.4,16.0,60.6,1.3,0.0,298.0,44.3
33.5,18.6,10.5,1.11,0.0,173.6,13.0
47.9,25.9,74.1,-0.54,0.79,180.8,84.6
93.5,7.8,27.7,2.32,1.6,299.9,17.0
33.9,31.2,21.7,0.16,1.76,211.5,22.2
38.3,14.0,40.3,2.2,0.0,194.8,44.8
95.6,-2.9,79.4,3.59,3.95,347.6,34.8
104.5,21.3,19.6,-0.48,0.0,264.6,16.4
56.4,25.7,30.7,1.29,0.6,213.4,31.2
32.7,4.3,10.8,-1.28,2.56,215.4,9.3
54.0,28.6,97.2,-2.07,1.31,173.5,124.3
32.6,30.8,63.3,-0.39,1.77,204.6,66.0
82.4,2.5,74.8,-2.73,3.14,223.2,61.4
51.8,34.3,68.6,-1.88,2.32,194.1,71.9
91.7,-3.7,23.0,1.18,4.46,310.6,12.3
110.5,-0.9,63.5,-1.03,3.57,302.9,33.4
26.2,-1.7,21.8,1.42,3.8,317.1,11.1
36.4,30.2,46.1,0.6,1.97,222.8,43.7
51.9,19.4,61.2,3.7,0.0,232.9,55.9
104.5,-3.2,60.3,1.05,4.35,329.3,31.2
88.1,9.8,20.7,2.23,1.06,282.5,14.3
47.5,17.7,13.1,0.8,0.0,184.0,15.7
85.1,-6.2,81.8,0.62,4.5,293.4,40.6
92.9,29.7,75.3,2.33,1.69,299.8,55.5
101.8,26.2,17.4,1.34,1.01,295.9,12.4
49.2,12.7,21.5,0.42,0.0,180.4,24.9
58.3,33.5,90.3,0.41,2.28,231.5,84.0
83.6,8.8,79.2,1.08,1.16,258.2,58.5
51.2,34.3,99.7,-1.34,2.5,205.2,110.6
59.7,20.1,32.9,-1.43,0.0,166.8,43.2
44.9,18.6,53.9,2.85,0.0,211.7,54.4
38.9,-2.5,31.3,3.73,3.77,315.0,15.4
21.5,29.7,66.1,-1.86,1.36,182.9,77.9
100.5,9.2,20.4,-1.34,1.3,255.9,15.1
51.9,-2.7,21.5,2.29,4.03,289.4,12.3
53.3,-9.4,16.5,1.07,4.5,279.7,8.1
100.6,15.2,72.4,1.35,0.0,283.4,54.8
35.5,13.7,54.5,1.79,0.0,185.8,63.8
18.3,22.4,65.6,-0.48,0.0,138.5,99.6
107.2,30.1,89.1,0.66,1.75,304.4,60.8
95.4,-6.4,76.6,0.5,4.5,306.8,36.3
81.6,22.9,51.6,-1.72,0.0,198.8,56.0
83.7,-1.6,98.6,0.63,4.09,286.8,56.4
65.8,28.6,51.1,2.48,1.28,254.0,41.3
91.0,26.9,20.1,-0.67,0.77,241.2,17.7
39.4,14.3,99.3,0.31,0.0,167.4,114.7
78.1,22.0,12.1,0.41,0.0,224.2,11.1
43.5,4.1,59.5,-0.57,2.16,208.3,52.5
96.9,11.2,37.8,1.35,0.74,283.2,27.9
94.9,27.0,55.3,-1.36,0.99,241.0,47.7
90.0,10.7,60.3,2.67,0.62,287.7,41.7
44.5,6.1,31.6,1.25,1.61,223.3,26.4
47.5,12.2,60.1,-1.87,0.0,143.8,88.9
98.9,27.3,78.0,3.4,1.0,320.6,54.7
93.8,5.1,34.0,0.34,1.97,274.6,22.8
49.6,-2.2,44.5,-1.45,3.88,231.1,30.5
85.4,22.0,34.1,2.21,0.0,264.9,26.5
92.8,27.2,83.9,0.99,1.5,277.4,65.2
28.7,-5.5,75.2,-3.54,4.5,256.3,46.5
82.6,0.8,88.4,-1.05,3.13,248.6,62.5
39.3,-3.6,25.3,0.56,4.02,273.3,14.4
21.8,5.7,16.6,-4.32,2.13,180.5,17.2
47.7,10.3,20.7,0.17,0.94,194.5,20.9
85.6,23.7,24.5,0.32,0.0,236.9,22.0
110.9,19.3,58.0,-2.37,0.0,251.2,49.8
44.9,17.9,97.4,0.54,0.0,176.9,118.9
100.6,5.9,42.2,0.01,1.89,282.3,28.5
90.1,27.9,96.3,-2.38,1.26,219.3,97.1
97.1,11.2,13.4,1.84,0.65,289.8,9.5
41.4,34.1,93.4,1.68,2.5,250.5,76.2
101.6,18.5,26.3,-0.58,0.0,256.8,21.4
47.2,-4.3,92.1,-0.4,4.5,260.9,52.5
44.6,20.4,15.1,1.45,0.0,190.3,17.1
37.8,4.6,95.3,-0.4,2.54,222.5,73.1
36.7,20.9,28.1,-3.86,0.0,102.1,59.1
100.2,-6.9,37.2,0.97,4.5,321.9,17.4
53.9,-2.1,54.2,-1.63,3.68,223.9,39.4
111.2,28.5,44.3,-0.78,1.53,289.5,32.5
53.0,0.2,70.1,2.92,4.31,303.9,37.8
38.3,27.7,97.7,-0.27,1.14,187.4,114.8
78.0,2.6,64.6,0.0,3.17,258.7,44.1
105.4,18.9,74.9,1.02,0.0,289.3,55.3
46.3,21.2,17.9,1.01,0.0,185.6,20.4
29.5,13.1,66.5,-1.84,0.0,126.0,110.5
64.2,3.7,50.8,-0.12,2.72,235.4,38.2
26.3,-0.4,89.7,0.07,3.26,276.0,55.0
95.4,-8.5,44.9,0.54,4.5,307.2,21.1
96.4,3.7,71.2,0.58,2.43,287.9,42.3
49.2,19.4,30.5,5.17,0.0,251.6,25.1
95.1,32.2,33.3,-2.35,1.96,236.7,31.2
72.7,29.2,43.9,1.96,1.09,253.1,37.4
25.4,24.5,37.4,2.37,0.32,198.5,39.1
51.2,25.5,32.8,0.99,0.83,207.5,35.0
73.4,19.9,14.5,-1.3,0.0,190.4,16.5
86.9,1.7,85.3,3.33,3.01,319.2,49.0
28.3,30.8,15.8,-4.38,1.7,147.0,22.8
12.5,20.2,89.9,-1.37,0.0,122.4,163.1
30.2,15.2,21.3,2.34,0.0,189.3,23.1
98.4,-5.0,15.9,-0.74,4.25,290.5,8.6
61.2,10.1,60.7,3.19,0.6,248.0,50.1
50.1,10.7,55.2,-3.02,0.95,148.8,78.3
102.5,28.9,54.2,-2.22,1.46,248.3,48.5
101.8,14.6,61.7,-1.06,0.0,250.0,52.6
82.1,7.1,35.8,0.83,2.02,262.7,25.0
58.9,34.0,69.7,-0.44,1.99,214.0,67.4
44.4,-5.0,55.2,-0.98,4.5,254.9,30.9
16.8,9.0,40.1,2.84,1.44,273.5,27.9
33.9,-8.1,84.4,3.03,4.5,335.5,35.8
101.0,23.3,75.5,-0.83,0.0,251.7,64.4
35.4,31.3,45.4,-3.42,1.95,162.7,59.2
48.8,2.6,86.3,-4.31,2.73,164.7,89.5
40.7,28.6,92.8,0.48,1.54,209.3,90.3
41.1,3.1,58.3,1.31,2.8,252.4,41.1
91.7,31.0,29.3,0.13,1.44,261.9,24.2
33.6,23.9,92.4,-0.14,0.0,155.0,124.4
64.4,26.2,27.1,-1.61,0.92,185.3,30.9
33.9,-9.2,14.4,1.31,4.5,309.6,6.6
43.1,33.3,39.5,3.36,2.5,275.1,31.4
38.6,22.7,75.4,-4.43,0.0,95.5,162.3
88.7,3.7,93.1,-0.16,2.57,264.9,62.6
91.5,27.3,67.4,-1.94,1.4,230.1,65.7
90.1,2.7,95.7,-2.98,3.2,231.8,71.8
88.4,29.3,18.3,-2.26,1.35,219.1,17.8
116.0,-4.9,15.5,0.76,4.5,349.4,6.9
84.7,21.7,64.4,0.81,0.0,242.5,58.8
36.2,14.3,97.0,2.92,0.0,203.4,104.3
50.4,-5.7,55.2,0.02,4.5,265.1,30.7
22.7,0.9,14.6,-3.52,3.28,240.0,10.5
94.4,-9.4,29.9,-0.48,4.5,290.4,14.7
92.6,11.1,32.0,-2.77,0.7,212.1,30.5
99.5,3.6,40.4,-2.41,2.99,254.7,27.9
9.3,16.9,13.9,1.16,0.0,159.1,19.5
92.4,3.4,91.4,0.39,2.9,282.9,60.9
28.2,3.5,56.4,1.18,2.2,248.0,43.0
45.9,23.4,70.4,-0.71,0.0,159.3,93.9
29.6,-7.8,16.0,1.58,4.5,329.5,6.8
31.7,30.6,14.9,-0.83,1.88,202.3,15.3
38.7,28.4,62.8,2.23,1.56,235.8,57.5
29.4,20.1,89.9,0.69,0.0,163.8,114.2
36.3,16.7,57.6,-0.41,0.0,153.5,79.4
89.6,30.2,89.0,0.42,1.71,265.5,73.5
102.7,-1.7,83.0,-0.04,3.09,297.5,45.5
98.1,-6.4,16.8,3.19,4.5,350.0,6.6
26.4,0.8,28.2,0.49,3.22,280.2,17.8
100.8,25.8,69.2,-0.0,1.01,273.5,52.6
84.9,-8.4,49.9,-0.48,4.5,276.6,24.4
34.6,16.2,36.2,1.69,0.0,183.4,40.8
32.1,34.8,47.7,1.42,2.5,254.9,38.5
44.7,28.5,50.1,-0.55,1.38,191.3,54.8
55.4,13.5,91.9,-2.31,0.0,147.4,127.6
82.3,-7.1,19.3,-1.8,4.5,253.5,10.1
96.6,27.4,35.2,-0.37,0.96,258.9,29.3
21.2,17.0,58.4,2.7,0.0,187.9,67.3
90.9,-4.8,72.8,-0.5,4.5,284.7,41.3
100.9,-5.8,66.8,-1.19,4.5,290.6,34.5
94.0,30.9,94.7,-3.52,1.75,214.8,93.0
36.5,20.1,81.6,3.03,0.0,205.3,82.4
102.3,27.3,60.1,1.14,1.15,295.4,43.6
42.9,29.6,29.3,1.59,1.37,222.4,28.7
95.2,15.7,50.6,1.92,0.0,280.4,38.2
28.8,13.3,72.4,-0.33,0.0,148.1,102.6
34.5,9.4,85.4,0.17,1.12,192.9,92.1
84.4,4.3,96.4,2.98,2.83,308.0,55.8
56.5,9.6,64.5,0.36,1.28,211.7,56.7
24.1,24.8,57.4,1.18,0.52,188.6,67.2
40.0,17.1,11.6,1.74,0.0,189.5,13.3
58.6,30.2,16.5,1.29,1.78,236.4,14.2
40.8,10.0,24.0,-0.26,0.72,178.2,27.2
100.5,17.3,14.9,-0.07,0.0,262.0,11.9
48.0,18.4,46.1,1.56,0.0,195.9,51.2
60.2,16.6,40.3,1.55,0.0,212.2,43.2
43.4,21.6,67.4,2.34,0.0,202.2,71.3
29.6,0.7,58.2,1.1,3.55,290.0,35.0
35.8,13.1,63.6,1.19,0.0,177.1,72.2
63.2,-5.3,52.5,-0.89,4.5,251.2,29.8
112.7,7.3,35.0,-1.16,1.51,287.1,24.6
83.7,11.9,95.8,1.56,0.75,260.8,76.0
46.3,19.4,17.8,-1.15,0.0,153.2,25.4
34.1,32.8,94.5,-0.04,2.5,230.3,90.0
101.3,17.0,38.0,2.76,0.0,306.2,26.3
41.1,23.5,56.1,2.44,0.0,201.2,61.5
48.6,12.8,19.8,0.6,0.0,182.3,23.0
91.0,18.5,16.4,-0.59,0.0,233.9,14.5
108.0,-6.8,48.7,-0.25,4.5,317.9,23.1
91.0,1.4,76.8,1.74,3.07,302.6,45.1
44.7,6.3,34.2,-0.07,1.85,209.0,29.4
50.8,11.3,60.6,-1.12,0.5,169.2,73.2
85.3,-7.9,35.1,2.43,4.5,320.8,15.3
34.4,-3.7,45.0,0.36,4.5,294.0,24.7
77.0,2.5,91.6,-1.15,2.88,236.2,64.8
26.7,33.7,87.0,0.96,1.93,238.2,85.4
29.0,4.9,56.4,1.94,1.89,247.3,41.4
97.6,11.7,31.4,-2.02,0.87,235.4,27.9
95.0,-1.2,27.4,-0.4,3.7,284.1,16.4
84.4,17.5,95.9,-0.49,0.0,222.4,92.1
38.8,2.6,28.2,0.9,2.48,239.5,20.6
54.9,-0.7,82.7,1.26,4.33,279.3,48.0
41.8,13.2,43.2,-1.1,0.0,148.8,59.2
38.0,-9.8,98.7,-2.99,4.5,235.0,57.2
89.7,-9.7,43.1,2.06,4.5,321.3,18.1
45.3,-0.1,41.6,-2.24,3.3,208.7,32.6
54.4,-8.3,67.4,0.54,4.5,271.6,34.2
57.5,-5.1,96.5,-0.26,4.5,259.3,56.8
107.3,5.2,97.9,0.32,1.82,300.2,58.4
45.5,26.1,73.6,3.3,1.22,245.9,63.9
44.6,15.7,77.9,6.0,0.0,258.5,66.6
47.9,13.1,60.7,-3.27,0.0,123.4,103.5
101.6,3.2,78.0,1.97,2.85,323.1,41.4
42.0,31.9,87.4,-0.31,1.93,206.9,89.8
101.1,7.9,53.7,2.1,1.66,312.0,33.5
99.9,-6.1,65.8,1.91,4.5,335.5,29.7
23.9,17.8,58.4,2.82,0.0,191.6,64.0
120.0,-4.9,60.6,0.57,4.5,350.0,25.7
33.7,5.5,90.1,-1.78,2.78,213.0,76.4
104.4,12.8,42.0,1.86,0.0,299.4,28.6
46.8,29.3,28.7,0.24,1.66,210.1,29.8
50.0,12.2,51.1,-0.47,0.0,168.0,63.7
40.7,21.6,28.7,-0.95,0.0,149.8,42.5
19.0,34.7,54.9,2.01,2.5,307.6,37.3
111.7,-4.1,91.3,3.21,4.5,350.0,38.3
52.8,2.4,65.6,-2.39,3.08,201.1,58.0
90.1,7.8,87.0,1.24,1.15,272.5,61.5
56.2,9.0,25.0,-0.74,1.07,191.1,25.6
103.8,8.5,91.1,-2.93,1.53,241.1,70.5
57.8,30.8,64.2,0.3,2.08,225.9,60.5
39.6,22.1,12.9,-1.67,0.0,138.0,19.3
17.3,17.4,67.0,-3.16,0.0,97.8,149.3
83.6,3.9,95.6,-1.56,2.49,234.7,72.1
57.3,27.1,17.1,-2.06,0.87,169.0,21.4
53.1,33.0,62.4,-1.29,2.15,200.1,63.0
34.0,27.0,92.4,-2.65,0.98,146.5,139.7
94.7,-9.9,10.9,-0.79,4.5,286.2,5.1
35.6,18.6,66.8,-1.43,0.0,137.6,104.6
94.3,-7.7,52.7,0.75,4.5,308.6,23.7
53.5,1.6,41.2,1.19,3.14,256.0,26.3
92.0,-7.3,66.5,0.52,4.5,301.5,31.0
93.0,17.2,14.7,-0.47,0.0,239.8,13.1
28.8,20.9,77.8,-0.52,0.0,145.1,116.3
24.1,-4.8,10.4,-1.67,4.36,305.0,5.1
43.8,7.3,37.6,-1.63,1.87,186.0,37.6
55.9,10.5,55.4,1.41,0.5,212.9,49.8
39.8,6.6,43.9,-3.52,1.9,158.2,52.2
89.5,-4.6,37.7,-0.16,4.5,287.7,19.4
52.1,8.9,84.8,-0.65,1.49,196.6,87.5
99.1,23.8,94.1,1.2,0.0,278.0,73.1
34.2,-6.8,88.6,-2.85,4.5,246.4,52.9
100.9,-6.4,57.0,0.02,4.5,308.9,26.8
48.2,6.0,89.6,0.69,2.54,235.7,71.0
61.5,32.4,92.9,-3.81,2.0,166.2,115.5
35.8,20.1,46.8,-2.15,0.0,126.9,76.5
26.0,20.5,35.5,-0.18,0.0,148.0,51.6
49.6,6.3,18.8,1.03,2.34,237.1,15.1
93.3,16.7,53.1,0.36,0.0,253.0,42.5
87.7,-9.5,95.2,1.12,4.5,304.4,41.8
35.3,18.6,60.5,-2.16,0.0,126.3,108.6
53.9,31.1,70.1,-3.18,2.08,171.1,88.8
48.3,17.6,20.2,0.17,0.0,175.5,25.8
32.8,29.3,22.9,-2.46,1.45,163.7,29.5
42.6,22.6,51.8,-1.73,0.0,140.3,78.3
92.4,-4.6,95.6,1.86,4.5,322.4,46.4
104.2,30.6,42.5,0.38,1.4,290.3,31.9
105.7,-7.0,89.0,-1.14,4.5,300.2,42.6
36.8,14.0,20.8,-1.4,0.0,139.2,30.5
79.7,-3.6,65.5,1.24,4.5,296.1,35.5
87.7,-9.5,64.1,0.42,4.5,293.9,31.9
52.7,9.0,87.4,-2.43,0.95,160.1,101.7
49.1,3.3,10.3,-3.9,2.64,169.2,11.2
85.8,11.9,27.1,3.76,0.5,294.7,18.6
51.2,16.0,29.8,-2.44,0.0,139.8,45.3
46.8,-8.0,95.5,1.06,4.5,283.0,47.9
36.9,-4.5,23.8,3.02,4.5,327.6,10.7
109.2,15.1,13.3,0.3,0.0,287.3,10.0
40.2,5.4,58.1,-1.2,1.71,188.1,54.1
85.9,22.8,57.6,-2.85,0.0,189.9,66.1
93.1,19.4,86.0,-2.88,0.0,204.0,96.7
95.3,28.1,95.4,0.75,1.08,274.5,73.3
65.6,21.2,58.5,2.9,0.0,240.6,52.0
104.2,9.3,93.7,-0.79,1.2,270.8,67.8
32.9,20.3,75.3,-1.11,0.0,139.8,119.2
48.9,2.4,33.8,1.39,2.73,250.3,23.8
43.4,3.8,93.6,-1.37,3.05,216.7,79.3
46.7,25.5,70.1,0.55,0.39,187.4,79.2
96.8,10.1,47.3,0.08,0.81,264.4,36.1
56.3,25.9,71.2,-0.82,0.74,184.2,74.7
46.1,27.0,46.1,-0.03,1.14,194.5,52.0
41.3,28.6,20.3,3.53,1.19,246.4,17.0
101.7,31.2,74.7,1.21,1.77,301.2,52.5
102.2,9.4,84.2,2.19,1.61,315.2,53.8
82.4,4.3,75.6,-1.84,2.23,225.6,57.7
45.8,16.2,30.6,2.19,0.0,202.7,33.5
40.9,6.7,96.1,1.28,2.06,233.8,77.1
112.9,17.0,12.3,-3.0,0.0,246.7,11.2
35.0,21.8,39.9,1.08,0.0,174.6,47.9
33.0,21.0,33.4,-1.03,0.0,141.2,48.1
87.7,6.9,14.3,-3.09,1.86,211.1,12.8
25.3,-2.5,46.5,0.26,4.08,315.5,23.8
90.5,9.4,66.1,1.08,0.92,268.1,49.5
39.9,-3.6,89.4,0.3,4.49,280.4,47.8
43.2,30.1,99.1,-0.22,1.56,199.7,101.5
38.7,5.6,82.7,-0.66,1.98,203.2,74.4
13.7,-3.0,52.2,4.93,4.06,350.0,23.7
96.0,-8.9,75.1,-2.37,4.5,264.6,39.8
72.0,19.1,85.9,1.75,0.0,233.7,82.8
47.3,18.7,51.9,0.03,0.0,172.2,64.0
64.9,5.3,80.7,-1.71,2.33,206.3,67.9
105.9,-6.8,53.4,-0.1,4.5,316.1,25.4
100.2,8.4,44.8,-2.79,1.27,233.3,37.4
30.4,4.0,57.3,-1.19,2.44,216.8,47.9
44.9,20.5,70.8,-0.09,0.0,167.4,93.1
26.7,17.3,75.4,-3.1,0.0,104.8,160.6
95.7,6.4,42.1,1.01,1.82,286.9,27.5
102.9,-0.2,61.4,-1.93,3.65,275.0,38.4
40.1,34.5,91.9,-2.9,2.5,182.3,107.7
90.5,10.4,97.9,-2.16,1.09,221.5,86.8
43.2,21.0,30.5,4.35,0.0,232.2,28.0
35.7,-3.7,27.4,-3.96,4.41,223.2,19.3
35.2,11.9,70.9,0.87,0.5,185.9,76.5
83.8,-8.8,47.3,-1.5,4.5,259.8,25.9
34.2,12.7,12.2,-0.7,0.0,147.1,17.3
53.0,33.4,41.2,1.21,2.38,241.9,36.4
56.7,7.3,82.6,1.11,1.69,230.3,71.2
22.0,-8.2,81.8,-1.36,4.5,332.3,34.8
55.6,-8.6,54.5,-2.72,4.5,222.6,34.1
94.5,7.5,52.5,1.24,1.72,286.9,34.8
45.0,-2.8,62.2,1.1,3.95,273.3,35.7
98.5,-8.9,29.7,-0.57,4.5,295.7,14.0
54.4,24.0,57.3,0.88,0.57,204.5,62.8
38.7,10.6,11.0,-0.89,0.61,164.4,13.2
44.2,3.0,52.8,-1.65,2.79,206.3,44.2
26.2,30.5,40.2,0.01,2.15,233.1,38.5
43.7,-4.8,70.7,1.04,4.5,286.1,36.8
48.0,33.0,67.5,0.62,2.23,228.2,63.0
95.4,4.1,44.3,1.02,2.99,298.6,26.2
102.8,30.0,10.7,-1.52,1.74,262.3,8.3
32.7,17.1,32.7,3.16,0.0,203.8,34.7
35.6,27.2,67.0,-0.68,0.72,169.0,88.1
64.7,34.3,16.5,-0.24,2.38,228.9,15.1
40.2,3.0,19.7,-2.64,3.04,199.7,16.6
44.4,33.3,68.2,-0.39,2.2,211.9,68.3
83.5,7.5,78.0,1.06,2.02,268.2,54.3
32.1,7.3,38.9,1.53,1.67,230.6,29.6
61.5,5.3,54.1,3.12,2.42,277.0,35.8
35.7,14.4,95.1,1.04,0.0,174.7,117.8
28.5,-3.1,95.1,0.55,4.29,311.8,49.5
106.5,14.9,37.7,-0.89,0.0,263.2,32.4
18.0,14.4,82.9,-1.32,0.0,125.7,143.2
34.2,24.3,63.5,1.94,0.3,195.5,71.7
110.1,27.5,97.8,1.9,1.0,322.5,62.7
49.4,9.8,53.0,-2.15,1.49,172.0,64.0
102.4,3.6,79.7,1.45,2.58,314.0,47.0
92.6,1.7,79.1,1.3,2.66,294.4,45.7
58.8,-1.2,54.8,-2.23,3.21,208.0,43.7
79.3,-7.4,81.6,1.08,4.5,293.2,40.4
39.4,5.4,33.5,-2.1,2.29,189.4,34.0
43.7,2.2,21.0,-4.86,3.12,166.1,21.9
23.7,33.5,48.3,-0.32,2.28,240.4,41.5
40.4,15.1,94.9,0.52,0.0,171.6,117.2
92.8,5.6,55.1,-0.23,2.54,270.5,38.6
102.2,16.1,67.2,5.73,0.0,350.0,38.9
90.9,-3.7,66.2,0.76,3.94,297.4,31.3
86.8,10.0,21.9,0.29,0.9,249.1,18.0
18.1,18.2,45.1,0.86,0.0,158.5,61.7
37.7,12.0,73.6,-0.88,0.0,147.8,102.4
43.5,8.1,97.5,1.86,1.41,227.5,79.3
43.0,34.7,25.1,0.72,2.44,234.3,21.4
33.2,29.6,46.9,0.63,2.04,227.7,43.5
89.3,18.1,18.6,-1.25,0.0,220.7,18.3
27.1,15.6,31.8,-3.13,0.0,104.7,64.2
30.7,17.9,43.9,-1.0,0.0,139.5,69.5
49.7,-0.9,58.7,0.57,3.96,262.7,35.5
113.1,7.8,30.8,-0.89,1.35,290.7,20.0
85.6,-8.2,30.5,0.58,4.5,293.5,14.9
92.6,11.4,80.0,-0.46,0.5,244.6,65.8
63.2,14.4,96.6,0.86,0.0,206.2,98.9
81.5,0.2,39.1,-1.95,3.78,241.5,26.6
39.3,33.4,71.9,0.39,2.38,229.0,64.7
96.7,30.9,33.2,-1.28,2.19,258.1,27.8
35.2,22.5,93.5,-3.08,0.0,112.5,181.4
43.7,14.0,70.6,-0.33,0.0,162.5,92.6
48.9,29.1,82.2,3.07,1.73,255.1,68.0
106.6,-4.1,14.4,-2.92,4.31,273.3,8.1
51.5,25.6,63.9,0.24,0.59,191.9,75.0
101.7,-4.4,57.5,1.6,4.43,333.1,25.2
40.2,25.7,36.4,4.6,0.76,251.4,32.9
70.2,2.4,33.6,-0.99,3.09,233.7,25.2
53.4,29.5,62.2,-1.26,1.41,186.8,71.2
30.9,32.5,73.6,-2.33,2.06,186.5,86.2
43.2,-3.3,13.0,2.28,4.12,296.4,6.4
38.0,10.8,61.1,-1.73,0.5,148.5,86.3
103.8,34.1,25.3,-0.74,2.23,280.7,20.1
27.2,11.8,22.6,-3.7,0.5,114.6,41.7
103.0,28.9,66.1,1.77,1.28,307.4,43.3
96.0,16.5,38.0,2.32,0.0,287.9,29.0
102.8,6.9,49.7,1.69,1.76,310.6,31.7
12.1,2.9,42.4,-3.21,2.93,336.9,23.2
56.6,-0.9,68.4,1.21,3.65,266.5,40.3
55.1,24.3,52.3,-3.35,0.53,141.1,82.2
91.5,7.4,96.7,0.12,1.78,265.0,73.2
95.2,13.0,41.7,0.41,0.0,257.7,33.8
31.7,12.2,76.6,0.62,0.0,164.7,91.6
36.4,16.0,33.2,1.07,0.0,175.8,41.6
93.8,29.0,55.8,-0.02,1.46,263.9,46.9
38.7,34.1,59.7,-3.92,2.48,167.2,74.9
87.8,8.3,39.6,1.07,0.93,263.2,28.1
41.2,27.2,52.5,0.2,1.04,192.8,60.2
102.5,24.4,35.1,-1.81,0.65,246.8,29.9
56.4,15.8,10.5,-3.14,0.0,136.4,16.8
42.2,33.0,29.4,3.08,2.15,263.0,24.8
98.1,-1.0,73.0,2.46,3.28,328.1,34.6
99.7,-5.1,79.4,1.41,4.5,327.5,37.4
43.4,28.4,35.2,-1.35,1.56,182.9,41.1
33.0,9.8,46.7,-5.03,1.43,124.4,74.0
93.5,28.1,13.4,1.53,0.85,280.1,10.4
105.2,30.2,31.3,0.73,1.77,301.3,21.8
94.9,-7.2,80.1,-0.75,4.5,287.1,38.6
102.7,29.8,64.5,2.25,1.65,317.6,41.4
29.2,10.2,28.5,1.7,0.76,204.7,28.8
35.7,13.0,33.2,0.35,0.0,164.3,41.6
87.0,18.2,83.5,0.07,0.0,235.8,77.4
107.2,31.7,28.8,0.1,1.8,296.4,20.4
57.3,-9.1,40.1,1.36,4.5,283.7,18.7
44.6,11.5,69.8,-1.71,0.64,157.0,92.3
91.9,20.9,60.5,0.85,0.0,257.4,51.0
42.1,22.5,51.5,-1.84,0.0,138.1,79.6
54.7,21.2,91.0,2.67,0.0,221.2,89.2
46.8,-4.0,29.8,1.06,4.5,283.2,15.7
108.9,3.5,76.7,-1.38,2.75,286.8,49.1
86.8,6.1,24.3,0.16,2.12,261.4,18.0
30.5,26.2,65.4,-1.71,0.77,154.0,93.4
87.2,2.5,88.4,3.01,2.81,312.7,48.8
99.2,-0.5,51.2,3.25,3.87,347.8,24.3
36.0,33.1,75.2,1.39,2.31,244.4,68.2
93.4,-9.6,83.8,3.11,4.5,342.7,34.5
27.0,34.9,22.2,0.3,2.5,248.7,19.9
36.9,20.5,73.5,1.53,0.0,183.2,84.3
54.3,27.3,92.8,2.45,0.71,230.4,84.3
45.8,3.3,61.9,-0.01,2.7,228.6,48.1
41.4,-9.4,26.8,0.14,4.5,275.7,13.4
83.0,23.2,21.4,1.87,0.0,255.2,18.0
88.4,27.5,33.4,1.29,1.23,270.9,26.2
94.2,23.3,19.3,-1.51,0.0,226.7,19.0
37.8,-3.6,56.2,-4.37,4.36,210.8,41.2
61.4,23.9,16.3,-0.35,0.0,185.4,18.2
34.1,24.6,30.1,-4.19,0.43,107.2,58.4
38.2,19.6,49.6,-1.98,0.0,131.8,81.5
35.5,24.5,52.7,-1.75,0.72,153.0,80.7
110.4,28.1,60.9,-1.14,0.85,276.2,46.0
99.4,17.6,73.5,1.64,0.0,285.1,54.9
47.8,-6.0,14.3,2.08,4.5,297.5,7.6
44.4,11.9,17.3,1.02,0.5,194.8,17.9
92.1,-6.5,15.5,1.27,4.5,312.9,7.3
29.4,8.3,48.1,1.31,0.69,196.7,50.0
104.4,8.3,13.8,-4.99,1.35,209.6,12.3
105.9,-7.0,77.1,0.02,4.5,318.0,34.6
113.4,5.7,30.1,-3.59,2.23,258.5,21.2
32.5,-5.0,94.5,1.02,4.5,309.9,43.8
92.5,26.4,53.8,-4.19,1.36,197.9,61.2
56.2,32.6,50.2,-0.36,1.95,212.5,49.2
103.5,-6.7,80.2,1.1,4.5,329.6,34.3
36.1,33.0,74.2,-2.24,2.48,194.7,79.6
35.6,13.5,64.7,1.92,0.0,187.9,74.4
73.6,3.5,94.2,1.01,2.79,263.3,63.8
36.8,-6.5,48.0,0.76,4.5,293.8,23.2
100.4,12.5,82.8,1.4,0.0,283.6,61.2
79.5,25.8,44.2,-0.72,0.74,219.2,44.4
102.8,21.8,85.5,0.3,0.0,272.6,67.4
33.8,-7.7,33.4,0.02,4.5,290.9,16.1
100.9,-6.7,36.0,-0.03,4.5,308.0,17.5
38.8,8.1,71.0,-1.34,1.25,174.2,78.2
110.3,3.3,29.1,-2.49,3.12,276.5,19.6
103.7,0.5,30.6,-0.67,3.32,292.0,17.2
55.9,2.6,37.5,-0.78,2.59,217.3,29.5
89.1,26.2,71.1,-1.47,0.67,224.4,66.3
53.4,31.8,90.0,1.7,2.02,242.7,78.5
48.3,8.2,70.7,-2.34,1.34,165.4,82.6
43.1,30.8,84.5,-0.34,1.96,207.1,83.9
36.0,4.5,58.9,2.33,2.05,251.4,42.6
108.2,11.4,16.2,1.82,0.88,315.9,10.6
46.4,0.2,19.0,2.43,2.98,271.2,11.2
27.9,18.8,59.9,-1.18,0.0,134.5,94.2
95.2,34.1,39.5,1.57,2.1,297.1,28.5
103.8,17.2,29.9,-2.13,0.0,238.5,26.0
111.1,6.1,52.0,-0.55,2.39,300.5,31.9
78.1,19.2,70.0,-0.36,0.0,212.7,73.0
91.8,-4.5,44.6,-1.15,4.34,274.5,26.1
39.0,30.0,82.2,-0.72,1.74,196.1,91.3
25.9,12.6,76.5,-0.99,0.0,135.9,116.1
49.3,10.2,76.1,-1.96,1.2,168.9,88.6
48.8,16.4,98.7,1.71,0.0,199.2,109.4
92.2,18.1,36.6,-0.36,0.0,239.9,33.9
39.1,-6.8,68.0,0.4,4.5,283.6,33.5
120.0,20.7,87.0,0.33,0.0,314.1,61.2
30.2,0.9,62.2,0.11,3.36,267.1,38.7
32.7,22.1,81.1,0.19,0.0,159.1,106.7
29.9,27.0,47.3,-0.61,1.0,178.2,56.8
97.6,26.2,63.1,2.84,0.95,309.0,45.2
93.4,14.9,15.0,1.52,0.0,270.5,12.0
76.1,13.4,98.7,0.04,0.0,215.1,97.1
33.5,-3.6,82.0,-0.89,4.22,269.4,47.7
102.9,24.9,88.2,-0.24,0.58,270.5,71.1
24.2,2.2,72.5,0.84,3.05,288.4,43.5
43.0,12.4,26.7,3.0,0.0,211.7,26.6
106.0,2.8,12.8,-2.75,2.84,261.0,8.4
43.6,-4.0,87.8,1.32,4.06,280.2,49.1
94.1,18.3,45.7,2.25,0.0,283.1,35.6
58.0,-7.6,33.7,-2.97,4.5,218.7,22.4
111.6,23.7,60.6,-0.36,0.0,283.1,47.0
108.0,4.3,47.9,-2.13,2.26,269.0,32.6
42.3,-10.0,68.6,0.86,4.5,285.2,33.5
94.3,13.0,53.5,-0.72,0.0,239.0,43.5
37.3,-7.9,72.8,-0.26,4.5,277.4,38.0
92.4,2.4,86.8,-0.82,2.9,264.7,60.6
47.9,21.8,27.6,1.44,0.0,194.0,30.0
28.4,-7.2,39.6,0.46,4.5,317.8,17.5
30.5,27.8,49.3,0.46,1.04,195.4,56.4
42.0,-9.8,96.6,0.32,4.5,277.5,45.7
91.7,1.1,42.9,1.14,3.07,295.0,24.2
25.1,23.3,44.3,-0.52,0.0,142.2,67.3
44.0,4.2,68.8,3.4,2.36,272.4,44.5
53.6,-5.4,47.7,-2.47,4.5,226.6,32.2
28.5,6.2,95.6,-3.45,1.7,160.8,108.4
101.9,2.2,90.5,-3.62,3.19,243.0,65.3
102.0,27.9,56.2,-4.16,0.96,213.3,57.2
67.4,4.1,68.0,1.35,2.53,257.7,49.9
95.1,25.5,15.2,1.1,0.83,276.6,12.2
85.8,30.1,72.6,2.42,1.76,289.2,53.1
19.3,9.5,73.6,-2.11,1.07,170.3,82.1
83.9,30.9,42.3,1.49,1.92,274.1,33.9
44.7,7.0,29.8,0.11,1.76,209.6,26.3
106.0,33.4,92.4,0.33,2.36,302.6,63.9
94.0,-6.0,48.4,1.25,4.5,315.6,21.9
30.6,20.9,68.8,-1.51,0.0,131.8,114.6
86.1,12.2,13.0,5.17,0.0,310.7,8.5
101.6,7.4,47.3,2.66,1.58,320.8,28.1
60.5,18.5,83.6,-1.06,0.0,173.4,103.6
105.6,21.7,44.9,-2.18,0.0,241.8,40.1
36.8,-9.8,64.3,-0.18,4.5,279.8,31.6
80.2,-2.5,28.9,0.36,4.25,280.5,16.2
91.5,22.1,47.5,2.13,0.0,275.8,36.2
27.4,20.0,93.5,-2.34,0.0,116.8,162.5
55.2,33.5,61.0,0.57,2.48,235.4,54.9
79.6,24.2,91.2,-3.06,0.73,184.2,105.9
20.2,32.8,91.2,0.87,1.78,248.2,76.2
64.4,21.6,95.0,-0.22,0.0,192.0,106.5
25.3,3.4,90.6,3.87,2.18,294.4,56.1
44.2,-5.3,10.3,-3.09,4.5,223.5,7.1
42.8,25.2,94.1,2.74,0.3,214.6,89.9
8.3,19.0,22.4,-3.41,0.0,90.3,52.7
38.8,-7.8,13.6,-2.65,4.5,238.4,8.3
91.5,6.2,15.0,-3.35,2.14,216.9,13.5
46.3,33.1,41.4,0.5,2.5,232.0,36.9
52.8,12.5,65.9,-2.35,0.0,143.5,99.0
37.4,9.5,46.2,-2.7,1.36,156.7,55.8
92.8,10.6,12.3,0.41,0.67,259.8,9.8
33.7,-0.6,52.9,0.9,3.62,278.0,31.1
25.1,6.6,49.8,0.08,1.22,199.9,49.0
26.4,6.6,78.1,-0.32,2.13,226.9,63.8
92.1,-7.6,35.2,3.66,4.5,348.8,14.2
104.2,24.5,29.6,0.29,0.3,278.5,22.7
84.4,8.7,33.0,1.61,1.66,273.7,22.4
102.2,27.0,37.3,0.29,0.78,278.6,27.3
106.6,28.3,63.9,-2.2,1.2,254.9,54.7
40.8,-0.5,52.4,1.1,4.06,280.3,31.8
93.5,19.6,40.3,-1.31,0.0,228.3,38.7
36.7,11.3,43.7,-0.18,0.5,171.0,49.9
93.8,29.6,43.4,0.61,1.19,270.5,35.0
94.9,-0.3,97.5,-3.88,3.84,233.2,67.2
40.2,20.5,31.0,-3.22,0.0,115.3,58.4
69.6,17.3,83.6,1.82,0.0,230.8,80.6
24.7,3.3,73.7,-1.33,3.12,256.3,51.6
86.5,-3.9,10.5,-1.23,4.01,261.8,6.5
109.7,19.3,99.4,0.33,0.0,288.9,73.6
77.0,23.2,78.1,-0.77,0.0,204.6,81.5
61.6,4.2,71.4,0.84,2.4,242.4,53.2
72.0,19.0,46.5,-0.1,0.0,205.9,46.6
113.0,7.8,60.0,0.4,1.45,310.6,36.6
98.3,22.1,32.8,-1.4,0.0,237.2,29.4
46.9,-1.0,13.2,0.39,4.02,262.6,8.1
28.6,30.1,85.2,2.21,1.54,239.6,77.1
100.7,2.9,90.7,-1.14,2.05,266.8,57.2
95.8,6.6,24.6,1.83,2.41,305.4,14.6
97.7,-7.4,80.8,-0.1,4.5,301.4,39.6
46.7,-5.0,76.7,1.47,4.5,289.4,37.5
38.8,13.2,26.1,0.26,0.0,166.0,33.4
94.5,2.0,48.0,-0.07,2.97,280.6,29.3
75.6,27.6,48.0,0.7,0.93,236.5,43.9
96.1,-9.3,78.4,2.43,4.5,336.7,33.3
15.4,7.1,85.4,0.47,1.04,218.8,73.6
31.9,5.2,18.5,0.96,2.09,235.4,14.7
105.8,-9.1,60.7,-0.74,4.5,306.4,27.2
91.9,-4.4,78.6,3.14,4.5,340.8,35.0
45.9,8.6,80.8,1.28,0.86,207.8,75.0
46.8,12.2,23.3,0.16,0.0,173.4,28.3
80.3,8.2,57.3,-0.25,1.47,236.7,45.7
38.6,13.9,87.2,1.96,0.0,191.4,93.1
92.8,16.8,38.7,-1.21,0.0,228.3,36.5
41.0,-9.6,48.3,-3.57,4.5,220.7,29.9
107.9,10.9,82.4,0.14,0.51,286.7,54.8
96.8,33.4,18.0,2.38,2.22,313.6,12.2
113.5,13.4,87.4,3.18,0.0,340.8,51.8
48.0,20.5,38.0,-0.21,0.0,169.3,49.2
70.9,4.0,10.1,0.09,2.04,235.6,7.3
45.5,24.8,31.1,1.04,0.62,198.8,35.6
46.3,24.8,18.1,-0.53,0.49,173.1,22.2
97.3,13.5,18.3,1.03,0.0,271.5,13.8
87.3,33.9,72.4,-0.17,2.31,259.2,58.3
116.4,-4.4,29.3,2.02,4.5,350.0,13.0
27.8,-9.2,94.1,1.45,4.5,335.9,39.4
44.2,24.7,56.5,1.62,0.58,205.5,58.6
19.8,26.3,51.4,-0.41,1.07,194.7,54.3
97.4,-4.6,49.1,3.85,4.5,350.0,20.5
103.6,2.0,72.3,0.97,2.57,309.3,40.8
55.6,-9.2,50.7,0.49,4.5,270.7,26.4
84.8,3.2,21.6,-1.52,2.95,242.5,16.3
39.6,24.8,89.2,-0.19,0.88,182.3,105.8
55.5,13.3,48.6,0.23,0.0,185.6,56.4
58.6,5.7,16.7,-1.58,1.91,195.5,16.7
33.8,6.7,57.6,-0.58,1.54,194.2,57.9
44.2,-9.9,68.3,-0.33,4.5,264.9,35.6
101.5,3.5,34.8,0.11,2.47,291.2,20.7
46.5,19.1,82.0,-3.53,0.0,117.8,154.0
103.9,33.8,70.3,-0.27,2.32,288.9,52.0
57.4,28.1,68.5,-0.75,1.59,201.2,74.7
91.4,-8.9,47.9,-0.04,4.5,292.3,23.4
103.0,30.4,96.6,2.07,1.86,317.7,65.9
87.5,25.2,34.7,4.1,0.4,302.1,24.6
47.5,25.1,62.0,1.36,0.37,200.1,64.5
95.3,10.6,37.8,-2.47,1.26,227.9,33.0
93.1,7.9,77.0,-0.69,1.85,256.6,58.0
38.6,3.6,14.3,1.19,2.11,234.5,11.0
57.6,-7.0,14.1,0.97,4.5,277.8,7.4
33.4,0.3,83.0,1.97,3.82,300.9,47.5
75.7,1.1,49.1,-0.19,3.01,250.6,34.2
63.7,11.8,40.7,-0.73,0.54,191.7,43.4
56.6,23.6,64.7,3.5,0.0,236.3,57.4
43.3,11.3,73.2,0.12,0.5,180.3,83.4
38.0,-7.4,28.1,-2.03,4.5,249.2,17.2
94.6,33.1,26.7,2.95,2.1,316.8,18.0
45.7,32.4,96.2,-2.99,2.37,176.8,114.6
102.2,25.3,63.1,-6.0,0.57,182.4,75.5
115.1,34.6,45.1,1.54,2.14,338.7,28.5
27.7,14.5,82.1,1.82,0.0,179.4,99.4
86.4,33.3,57.3,0.83,2.22,271.8,46.4
41.7,-6.6,31.7,-2.6,4.5,234.1,19.9
97.0,6.5,28.6,-0.12,1.39,267.9,20.8
34.8,0.1,45.7,-0.56,3.78,258.5,29.8
89.5,-1.2,87.4,-1.07,4.37,272.6,54.6
39.5,-3.7,15.5,2.82,4.33,314.8,7.9
32.5,18.0,29.7,-2.09,0.0,124.8,52.5
95.4,25.2,90.4,0.63,0.3,264.7,75.2
65.6,16.0,21.0,2.39,0.0,232.8,20.7
90.2,-3.4,66.7,0.76,4.33,300.7,35.6
37.6,26.5,29.2,2.48,0.69,216.5,28.3
97.4,18.6,64.5,1.13,0.0,273.1,51.2
39.4,7.5,44.5,0.86,1.91,224.0,37.6
96.9,20.3,19.2,0.73,0.0,266.1,16.4
37.3,1.7,62.4,1.23,3.16,263.8,42.3
22.0,5.5,71.5,-0.77,2.0,227.5,61.5
31.8,31.3,71.2,-2.6,1.74,171.2,86.9
95.5,3.1,67.3,1.91,2.59,307.9,39.9
59.2,11.1,55.0,2.32,0.5,230.7,46.3
89.2,30.1,56.8,0.5,1.64,265.1,43.8
95.5,21.8,67.2,-1.1,0.0,235.7,60.6
27.9,-7.2,72.1,-3.12,4.5,267.0,40.5
103.6,-3.4,68.9,0.17,4.32,314.1,33.2
44.9,-9.6,62.8,-2.7,4.5,228.5,37.2
53.4,18.4,24.0,-2.98,0.0,134.7,39.7
96.2,10.1,29.0,-0.04,0.66,259.9,22.8
102.5,-4.0,33.4,-1.53,4.22,285.6,19.2
104.0,33.1,92.8,0.69,2.43,304.5,64.5
52.2,13.8,78.3,-0.32,0.0,173.1,94.4
53.0,0.9,59.8,-1.21,3.46,226.0,43.3
42.8,12.5,32.7,-3.41,0.0,115.3,58.0
110.3,20.6,20.0,-1.71,0.0,259.7,16.0
51.4,-6.6,90.9,-1.63,4.5,239.9,52.1
97.4,2.4,90.3,-2.45,2.81,248.3,67.1
31.5,26.3,20.0,-0.66,1.0,177.2,24.3
31.0,10.7,81.7,-2.29,0.7,142.9,124.0
24.3,14.6,50.2,-0.33,0.0,144.6,72.3
35.9,9.5,39.2,0.48,0.87,190.9,39.9
55.2,-8.0,76.5,-1.65,4.5,238.6,44.1
85.4,-2.5,65.3,0.85,4.14,293.0,34.6
87.7,10.0,80.2,-2.72,1.1,207.8,78.8
51.7,-0.6,16.7,-2.22,3.75,216.4,12.9
32.0,-7.8,38.7,-0.23,4.5,292.9,19.2
43.1,28.0,38.7,1.37,0.96,209.6,41.3
101.8,34.2,39.7,1.73,2.36,315.1,27.4
51.3,25.7,55.2,3.22,0.75,239.8,48.0
106.3,28.4,35.5,-0.75,1.23,276.2,27.2
31.8,0.9,50.0,-0.26,2.93,243.8,34.9
22.3,33.2,43.1,-2.07,2.19,215.3,47.1
97.9,-1.1,76.2,-2.51,3.49,255.4,49.7
56.5,32.8,64.3,0.46,1.82,222.7,61.4
89.9,34.8,68.8,-1.55,2.32,243.1,60.6
35.9,22.0,29.0,2.46,0.0,196.2,31.1
52.5,34.2,39.3,-2.92,2.35,179.1,46.6
54.8,15.6,11.9,0.97,0.0,195.9,13.4
100.6,1.7,19.8,-2.01,3.42,266.9,12.7
92.1,9.7,33.9,-1.64,0.87,229.9,28.5
29.1,16.7,15.9,1.08,0.0,169.4,20.1
93.6,-6.7,64.2,-1.35,4.5,276.0,33.4
67.8,18.0,99.8,-1.03,0.0,185.1,111.3
48.3,34.2,19.1,-1.62,1.81,186.0,21.2
17.0,-1.4,83.9,3.57,3.52,350.0,37.2
35.3,25.7,20.7,-1.23,0.86,164.6,26.0
49.4,30.9,70.3,0.1,1.5,206.1,70.5
85.5,32.5,67.9,-0.4,2.23,252.0,58.8
57.3,33.2,91.2,0.44,2.36,232.6,86.7
49.1,13.5,20.3,-1.23,0.0,155.4,26.1
33.5,34.0,38.4,-0.4,2.29,219.2,38.6
83.6,24.1,18.2,0.79,0.62,247.5,15.3
88.5,-2.7,46.7,-1.73,3.82,255.0,29.5
39.8,11.5,92.0,2.18,0.5,208.5,90.6
35.3,22.3,80.3,2.37,0.0,194.3,90.6
56.1,1.1,75.1,1.21,3.72,267.6,46.1
67.4,18.8,58.0,0.14,0.0,202.0,58.3
24.8,20.0,89.5,-5.98,0.0,90.0,200.0
18.9,-2.7,50.4,0.85,4.37,350.0,23.1
39.1,15.4,23.5,-0.78,0.0,150.7,35.5
23.8,24.7,85.4,-0.49,0.69,171.0,104.1
42.6,12.5,35.2,-3.79,0.0,109.3,66.4
86.3,-9.5,14.8,0.99,4.5,300.4,6.6
88.6,-9.6,21.3,-2.9,4.5,245.3,11.8
102.6,6.1,64.8,0.24,1.94,290.0,39.2
39.7,31.7,64.6,1.81,1.87,237.5,60.6
18.3,0.3,33.4,-0.94,3.83,341.6,16.4
42.3,18.5,75.4,2.43,0.0,202.4,82.3
90.5,-0.0,79.6,-1.49,4.17,265.5,49.6
49.7,4.5,92.8,1.2,2.69,246.7,68.5
86.5,28.2,62.6,-2.61,1.15,208.0,66.9
108.7,22.8,80.1,2.06,0.0,312.6,55.3
24.3,-5.7,77.8,1.75,4.5,350.0,33.1
87.2,9.3,33.2,0.94,1.39,265.2,24.0
28.7,-8.7,37.9,-0.79,4.5,297.9,17.4
23.2,11.6,53.1,-2.8,0.5,128.3,81.9
46.0,19.8,11.7,-0.78,0.0,158.5,15.5
35.8,-4.7,36.8,2.22,4.47,317.4,18.2
95.3,3.0,52.6,0.26,2.46,281.5,34.8
30.2,7.9,19.7,-3.11,1.32,151.3,24.1
5.0,31.4,21.4,-2.25,2.1,316.3,14.6
99.3,34.7,51.7,2.51,2.5,323.2,33.3
98.1,-8.0,75.8,0.98,4.5,318.3,35.0
37.1,24.2,85.0,-2.47,0.66,141.1,130.1
68.4,6.7,59.2,-3.53,2.15,180.1,61.9
81.1,7.7,52.7,-1.25,1.72,225.9,43.7
43.7,23.9,44.6,-3.7,0.0,111.9,81.7
32.1,31.3,27.4,-0.31,1.39,194.3,30.8
37.3,32.8,23.2,4.9,2.18,292.6,17.0
86.1,16.0,81.3,-3.19,0.0,185.1,95.4
104.4,6.1,51.9,-0.37,2.23,287.4,33.0
109.8,25.4,81.1,2.62,0.37,327.0,53.1
30.7,1.3,73.4,1.5,2.61,262.0,49.0
19.3,15.4,27.5,-0.3,0.0,141.8,42.8
40.1,6.1,55.9,-0.29,2.18,213.6,47.1
45.9,19.5,50.0,-2.31,0.0,135.3,77.9
96.5,0.8,48.1,-0.54,3.58,283.3,27.6
100.1,-1.4,58.8,0.49,3.17,301.1,31.9
28.5,31.3,98.4,2.21,1.86,251.1,85.9
35.0,-5.4,83.2,-1.24,4.5,268.3,45.8
42.0,12.8,91.3,-0.38,0.0,159.8,116.4
40.3,-0.1,12.7,-1.9,3.09,211.9,9.8
40.5,-8.2,22.6,0.45,4.5,281.8,12.0
46.9,-8.4,17.6,1.57,4.5,290.7,8.8
31.2,-2.1,33.7,1.26,3.73,293.4,18.8
53.2,29.0,49.8,-2.34,1.54,173.1,62.4
47.2,2.7,67.8,0.29,2.61,231.2,51.4
38.2,32.8,55.1,-1.35,2.5,206.7,55.0
91.4,16.2,91.3,2.02,0.0,274.1,69.3
60.7,9.6,94.6,-0.32,1.38,207.6,88.6
99.3,16.1,24.7,-3.04,0.0,214.9,24.0
5.8,13.3,86.8,-0.44,0.0,134.1,133.0
60.9,24.1,53.4,0.92,0.3,208.7,54.8
51.5,2.7,50.8,0.49,2.73,237.3,37.5
66.1,5.9,80.6,-1.02,1.97,212.3,69.2
82.4,30.2,18.4,-1.17,1.54,227.2,17.6
60.9,32.6,89.4,-1.98,2.1,194.8,96.9
87.0,30.2,70.4,-0.79,1.44,239.5,63.5
100.9,8.9,88.8,-1.71,1.22,250.2,67.7
65.9,25.1,99.5,1.94,0.82,239.1,91.3
44.6,11.4,56.6,-1.8,0.75,158.2,71.7
112.1,12.4,18.4,0.24,0.0,293.4,13.6
38.3,-0.8,25.0,0.11,3.63,258.0,15.8
85.2,16.6,39.1,1.89,0.0,259.8,32.3
42.9,-1.6,19.3,2.18,3.94,291.1,10.9
27.0,4.9,83.4,1.39,2.12,250.8,62.1
22.4,28.5,36.7,0.71,1.28,216.0,37.6
33.1,-0.7,97.8,-2.1,3.78,239.3,70.8
86.8,-6.8,73.2,-2.14,4.5,254.3,42.5
61.0,-6.9,25.6,-1.69,4.5,238.5,15.5
92.1,32.3,52.8,1.5,2.09,290.4,38.0
54.7,12.8,52.0,0.15,0.0,183.3,58.8
41.0,8.4,54.3,1.74,1.28,221.8,49.6
21.1,26.5,58.2,2.01,1.02,225.9,53.1
36.5,27.6,12.8,-1.45,1.11,168.4,15.9
38.9,4.9,71.8,0.06,2.21,220.0,59.2
36.0,21.2,53.8,-0.03,0.0,159.0,71.0
71.8,24.7,81.2,-0.66,0.38,202.6,85.1
47.3,19.5,83.4,-1.07,0.0,155.6,121.4
52.2,-3.2,30.7,2.37,4.37,297.0,16.0
92.8,29.4,14.4,0.1,1.47,264.0,11.8
91.9,14.3,73.3,0.03,0.0,245.0,60.4
36.2,2.7,98.0,-1.61,3.11,221.4,75.0
42.5,9.1,50.2,1.35,0.89,207.3,48.8
109.8,-8.3,33.4,-2.01,4.5,295.0,16.6
80.2,-4.2,24.1,0.91,3.81,283.1,13.1
48.2,24.4,35.9,0.96,0.32,193.8,39.4
45.5,-10.0,39.5,-0.83,4.5,256.1,21.0
87.4,8.7,48.1,0.64,1.64,263.9,32.8
53.2,13.5,69.0,0.37,0.0,184.7,79.1
105.2,-7.5,34.6,-0.08,4.5,315.1,15.1
35.1,33.8,14.6,0.03,2.38,226.7,13.9
88.9,0.2,43.6,0.12,3.51,280.0,24.3
34.3,3.7,87.0,0.26,2.42,232.2,65.6
48.1,3.7,54.9,0.12,2.32,222.7,43.9
77.0,0.4,96.8,-2.21,3.7,231.1,68.7
44.7,-9.9,55.3,-0.3,4.5,264.7,27.8
40.8,22.8,34.8,0.53,0.0,172.2,44.7
44.6,33.5,27.4,0.19,2.5,227.5,25.4
36.5,0.1,72.5,1.91,3.56,286.2,41.1
37.9,19.8,58.3,1.24,0.0,179.9,71.6
114.6,23.4,64.4,-1.74,0.0,269.7,51.7
44.4,28.2,78.0,-0.33,1.0,185.8,91.0
41.9,9.0,75.3,-0.62,1.34,188.1,76.3
62.5,3.6,13.9,-0.01,2.34,229.5,10.0
93.6,4.6,82.2,-0.01,2.39,273.7,53.1
102.9,22.1,57.9,1.22,0.0,286.6,42.2
23.1,26.8,45.3,0.35,0.64,181.9,52.5
46.5,-1.8,58.4,2.46,3.68,286.7,31.9
112.5,6.7,65.1,0.48,1.98,315.5,39.0
38.7,30.6,23.5,-1.66,1.73,181.8,28.4
83.6,26.3,47.6,-0.93,0.71,222.8,47.4
92.4,34.3,40.2,1.21,2.47,290.5,29.8
114.2,23.9,41.5,-3.23,0.0,246.5,35.3
34.9,7.7,18.2,-2.69,1.18,151.8,23.0
94.7,16.6,24.4,0.02,0.0,250.8,21.9
109.3,19.7,24.6,1.9,0.0,311.6,16.1
92.0,-6.5,43.6,2.61,4.5,333.0,19.9
39.0,14.5,90.5,-0.43,0.0,155.9,120.2
61.7,21.9,28.5,2.12,0.0,223.0,27.8
39.2,-2.5,47.5,0.14,4.04,267.9,28.5
33.7,25.1,38.0,-3.06,0.69,131.7,62.4
114.3,16.3,80.9,-0.02,0.0,294.8,62.9
35.4,32.8,14.5,-1.24,1.74,189.4,16.1
34.9,-8.1,27.7,1.84,4.5,314.9,11.7
26.6,1.9,29.0,-0.05,3.06,265.2,19.1
86.5,17.1,99.4,-2.56,0.0,195.5,108.7
88.3,3.3,61.4,-3.0,2.95,225.9,49.0
49.1,22.1,22.5,-0.04,0.0,173.2,28.7
37.4,24.2,34.5,-4.84,0.57,103.4,71.7
39.5,-5.4,25.1,-1.04,4.5,261.3,14.5
88.8,13.1,21.2,0.46,0.0,245.3,18.1
110.7,12.9,81.7,-2.11,0.0,254.6,70.4
106.0,6.6,54.6,1.99,2.01,324.1,31.3
34.4,32.0,66.8,2.38,1.76,244.8,56.9
113.3,27.2,39.8,-2.03,1.04,271.4,32.4
50.3,21.4,59.8,-0.6,0.0,166.5,75.1
83.9,22.1,33.2,1.99,0.0,258.7,27.9
37.4,10.8,37.7,-0.0,0.71,179.6,42.1
85.6,31.4,68.7,-2.79,1.76,210.7,69.4
32.8,21.3,23.5,-0.29,0.0,152.1,35.7
89.3,22.8,65.5,-1.71,0.0,213.9,68.3
115.7,28.8,86.7,2.22,1.24,342.5,56.1
53.9,2.3,20.8,1.21,3.22,258.0,14.3
35.6,26.3,90.8,-0.63,1.2,183.4,104.2
114.6,-1.2,17.2,0.28,3.7,332.2,8.5
26.0,5.5,41.4,-2.62,1.6,173.0,44.9
41.9,5.1,64.9,-1.51,2.16,194.4,61.5
38.1,34.0,60.3,3.11,2.47,272.9,46.7
92.8,28.5,18.7,0.11,1.49,264.2,15.0
59.7,21.6,81.9,1.86,0.0,216.0,82.2
44.1,22.7,97.6,0.46,0.0,174.9,118.1
32.5,15.3,26.3,2.63,0.0,195.5,29.5
33.5,32.6,90.6,-4.0,2.15,161.4,111.9
100.2,12.3,60.1,-0.38,0.0,256.8,50.3
82.9,7.1,94.2,3.29,1.86,298.6,57.5
99.1,-2.7,25.8,1.91,3.68,325.8,12.1
50.3,25.4,81.3,2.65,0.8,231.0,76.6
97.0,23.0,15.4,-0.01,0.0,255.2,13.2
59.0,7.3,89.5,-1.07,1.41,195.0,92.7
18.6,-8.9,70.7,-2.05,4.5,350.0,28.1
92.2,27.8,43.3,-2.19,1.23,225.8,41.2
93.8,-9.5,27.1,1.61,4.5,320.8,11.6
89.9,21.7,83.5,1.03,0.0,255.9,73.5
104.0,33.7,64.3,-0.13,2.38,291.7,49.9
31.8,9.7,42.4,1.02,1.58,220.4,37.9
33.3,0.6,49.9,0.28,3.29,260.1,32.9
87.9,21.7,84.4,1.92,0.0,265.5,68.2
44.9,26.8,40.5,1.91,1.18,223.6,38.8
52.4,14.6,18.1,-2.13,0.0,146.1,27.9
99.6,33.5,92.0,0.55,2.33,292.7,64.6
114.8,-7.7,44.9,-3.34,4.5,285.3,20.7
31.9,12.7,41.4,0.27,0.0,159.5,54.3
106.1,22.3,28.4,1.21,0.0,293.8,21.5
111.7,28.8,90.8,-2.63,1.82,265.7,73.9
105.3,-1.9,29.6,-0.83,4.14,300.5,16.0
47.7,26.0,67.3,0.02,0.99,193.2,76.6
41.6,14.9,89.3,0.47,0.0,172.2,111.6
48.3,7.8,13.1,-0.56,2.0,206.0,12.4
38.0,-4.1,84.6,-2.34,4.32,240.0,55.0
45.2,28.9,47.0,-0.11,1.16,193.2,49.2
23.9,-2.9,69.2,-3.3,4.16,274.1,39.8
33.7,3.9,43.5,-0.47,2.41,221.8,33.5
86.7,3.1,72.6,-0.88,2.76,252.9,50.6
37.5,29.2,32.9,-0.27,1.41,194.4,35.8
100.6,20.3,12.0,-1.12,0.0,246.4,10.8
96.4,25.9,95.3,-3.02,0.85,217.7,94.8
23.8,1.3,11.5,-0.73,3.93,303.3,6.5
101.7,18.1,84.2,1.86,0.0,293.6,61.3
81.2,15.7,25.2,2.52,0.0,261.6,21.4
21.5,27.5,45.3,4.88,1.1,272.1,34.1
108.7,30.8,84.0,3.38,1.89,349.7,50.1
46.0,-9.5,28.5,-2.39,4.5,232.0,17.4
106.9,20.3,87.9,-0.82,0.0,265.1,70.4
33.6,-7.7,54.8,-0.05,4.5,290.2,25.1
85.3,14.7,43.0,-0.17,0.0,229.0,41.9
46.1,2.9,69.6,0.14,2.42,224.8,56.3
85.3,3.8,40.7,4.82,2.92,338.1,22.0
48.6,5.9,41.3,-2.16,1.77,177.2,43.3
97.0,18.0,76.0,-1.43,0.0,234.0,73.3
100.1,5.0,37.9,3.29,2.44,335.8,21.4
41.6,23.0,28.1,-1.23,0.0,146.6,43.1
94.8,8.2,82.7,0.79,1.25,275.7,59.1
29.7,-6.9,82.5,2.07,4.5,336.2,35.5
88.5,25.3,54.8,0.97,0.81,261.6,44.5
61.5,2.9,57.4,0.38,2.97,244.8,39.7
89.5,9.5,72.6,1.88,0.94,278.5,52.2
108.8,20.8,55.8,-1.79,0.0,255.1,47.9
38.9,5.0,47.5,-0.99,2.39,208.8,41.1
42.4,-7.5,99.5,1.07,4.5,288.2,50.2
29.0,6.8,23.3,-4.14,1.96,158.6,27.4
85.4,32.5,63.3,2.83,1.83,295.6,46.7
36.0,18.9,89.7,0.61,0.0,168.4,111.5
29.5,20.2,71.8,0.31,0.0,158.1,94.6
88.9,18.5,89.3,-3.26,0.0,189.7,100.4
37.1,-1.0,40.3,-2.57,3.68,221.0,30.5
94.6,8.8,34.5,-0.8,1.5,254.2,25.5
28.0,23.8,86.6,1.61,0.0,176.6,108.8
43.2,-5.4,45.5,-4.15,4.5,208.7,30.9
101.7,2.5,73.9,1.58,2.14,310.2,41.3
29.2,2.4,23.3,-0.72,3.1,248.9,15.6
50.2,9.4,78.0,-0.45,1.19,192.3,73.7
99.0,34.1,59.4,0.51,2.5,292.6,43.2
12.1,-7.0,34.2,0.54,4.5,350.0,14.0
82.8,13.3,54.5,-1.42,0.0,205.4,53.3
90.7,-1.9,72.7,1.25,3.54,300.0,38.3
29.4,33.7,11.1,-4.64,2.24,159.9,14.8
50.3,-4.9,67.4,-0.9,4.11,243.7,41.2
110.7,8.2,58.7,0.31,1.48,304.2,37.0
53.0,23.2,29.8,-0.69,0.0,168.5,37.6
56.5,21.7,77.8,-3.65,0.0,128.8,127.5
106.6,9.0,37.3,1.52,1.74,315.8,22.7
51.5,5.6,34.9,-2.5,2.06,179.5,35.3
85.7,7.9,52.4,-0.14,1.42,246.8,39.9
68.8,1.9,70.9,0.31,3.02,250.6,47.3
33.7,-0.8,93.6,0.04,4.34,286.7,53.0
54.3,11.7,22.7,2.34,0.79,230.3,19.8
86.4,2.1,45.7,-0.11,2.7,263.4,29.1
106.8,2.9,16.0,0.85,2.77,316.0,9.1
100.2,19.6,78.3,-0.11,0.0,260.6,67.0
40.2,33.6,50.3,1.23,2.2,236.7,44.9
16.2,17.2,73.6,2.79,0.0,186.4,85.1
44.7,-6.5,39.0,0.28,4.5,273.4,20.3
46.2,-6.6,86.0,1.56,4.5,291.2,44.3
88.3,32.8,58.1,2.91,2.04,304.2,42.6
80.8,3.4,94.9,2.71,2.88,299.5,56.0
26.8,-5.9,17.1,-0.77,4.5,307.7,8.1
79.3,17.0,56.3,2.07,0.0,251.3,48.6
45.5,18.1,79.0,0.5,0.0,177.0,96.3
90.5,19.2,64.0,2.23,0.0,275.4,49.2
40.0,2.0,12.1,1.14,2.54,244.0,8.7
49.6,-9.3,97.5,0.55,4.5,273.5,50.1
29.7,33.4,36.8,0.87,2.45,249.1,30.5
49.3,1.3,32.4,0.51,3.15,245.7,24.3
105.0,20.4,53.7,0.59,0.0,281.9,39.1
46.5,21.8,58.8,-0.32,0.0,166.0,74.2
39.8,17.5,79.0,-0.5,0.0,155.7,109.8
97.9,4.1,45.4,3.53,2.48,335.6,26.0
120.0,2.2,49.6,0.96,2.72,346.2,24.5
95.7,16.9,58.1,-1.15,0.0,235.3,51.4
45.0,29.0,45.5,-0.55,1.34,190.4,52.2
102.9,32.6,92.3,2.11,1.99,319.3,60.9
95.4,-5.2,86.6,-1.47,4.5,277.1,47.7
55.1,-3.0,50.9,-2.96,4.5,218.9,36.4
46.6,32.5,10.0,-2.82,2.02,171.9,12.1
13.9,23.1,91.1,-3.46,0.0,91.6,200.0
45.6,29.7,21.2,-2.6,1.19,156.7,26.5
37.1,-0.9,32.0,-2.36,3.85,228.8,24.2
48.4,16.4,23.7,2.77,0.0,214.6,24.4
88.1,21.6,26.2,-0.09,0.0,235.6,23.4
103.8,20.6,82.3,-0.73,0.0,259.4,72.0
86.5,8.4,62.2,-2.89,1.12,203.5,56.7
82.8,-9.3,96.0,-0.29,4.5,276.8,48.8
49.5,16.2,30.8,-3.47,0.0,122.2,50.8
93.2,1.4,53.7,-0.74,2.88,267.1,33.2
82.6,10.3,98.0,4.13,0.98,300.2,62.9
51.3,33.1,84.4,1.33,2.05,236.5,73.8
99.6,8.0,75.6,-0.42,1.32,268.1,54.2
91.4,27.8,27.0,1.4,0.91,274.6,20.6
26.3,-1.5,79.2,-1.04,3.67,275.0,43.8
99.7,20.3,41.3,-1.6,0.0,237.2,37.9
45.9,34.0,57.7,3.41,2.34,272.1,44.8
56.2,-5.4,64.8,-2.28,4.5,229.0,42.7
51.5,-9.6,64.8,-0.71,4.5,253.7,34.8
100.7,9.5,75.4,0.61,1.36,286.0,53.5
103.8,-5.8,69.6,-1.87,4.5,285.6,35.9
95.4,23.7,16.2,1.3,0.0,271.5,13.2
55.3,31.2,51.2,-0.61,1.96,208.3,51.3
51.1,9.5,69.8,1.33,1.14,218.5,61.7
98.4,1.6,36.6,1.17,3.02,306.7,21.4
113.2,9.5,38.2,-0.49,0.96,293.5,26.7
36.4,22.6,21.2,3.42,0.0,211.1,22.0
33.2,-9.6,47.7,-1.33,4.5,272.5,23.1
91.7,16.5,98.8,2.7,0.0,284.8,72.4
96.1,17.6,35.7,2.35,0.0,288.7,27.6
44.5,18.7,57.8,3.54,0.0,221.5,58.3
40.4,0.9,76.9,0.35,3.5,255.6,50.9
82.6,22.1,11.2,-1.58,0.0,202.7,12.7
89.3,-5.9,91.0,4.15,4.5,350.0,38.9
53.3,-1.0,44.8,-0.67,3.94,243.2,29.1
42.9,29.5,88.2,-1.63,1.61,179.6,104.7
83.5,23.2,13.5,-0.38,0.0,222.4,13.1
33.0,-9.4,23.1,-1.96,4.5,263.4,12.0
26.0,1.2,39.0,1.05,2.93,279.4,24.7
57.7,-0.4,41.1,-1.21,3.87,234.3,28.2
48.7,2.2,86.3,-0.57,2.71,220.4,65.3
119.8,1.1,11.0,1.94,3.46,350.0,5.5
51.2,-7.2,67.7,1.25,4.5,283.1,33.8
92.6,10.7,21.8,0.03,0.94,256.7,18.3
43.5,23.0,84.1,0.34,0.0,172.4,107.9
61.2,17.3,80.1,0.02,0.0,190.7,88.9
44.6,20.3,55.0,-0.86,0.0,155.6,78.8
90.1,-6.3,29.1,-0.01,4.5,290.9,15.0
111.7,32.8,67.1,0.98,2.41,325.2,44.6
44.9,27.7,24.1,-0.25,1.35,195.2,26.4
101.3,26.2,27.1,0.84,0.74,284.7,20.7
83.2,27.0,66.4,-1.67,1.01,214.6,62.3
88.3,32.0,99.2,-1.21,1.99,241.8,90.8
53.9,14.5,90.2,-1.47,0.0,158.0,109.2
89.4,-1.0,63.4,-1.13,3.98,267.1,38.3
30.2,17.8,58.5,2.57,0.0,192.7,62.1
40.6,23.4,99.9,1.45,0.0,185.9,113.8
95.5,23.2,59.3,-2.15,0.0,219.9,57.8
44.0,13.5,47.8,0.87,0.0,180.9,53.5
33.1,-6.9,91.9,-0.78,4.5,280.9,43.3
35.9,6.7,31.1,-1.36,1.91,191.9,30.7
105.3,31.4,18.8,-2.97,1.46,243.1,17.5
86.1,16.3,67.1,1.94,0.0,262.3,54.4
54.9,14.2,18.6,-2.73,0.0,140.5,29.0
95.4,2.1,43.6,-0.1,2.92,281.1,28.1
52.3,6.6,48.1,-1.89,1.89,185.6,45.9
59.5,30.3,59.3,1.55,1.41,234.9,53.4
81.8,20.0,99.2,-0.67,0.0,214.9,95.5
39.8,25.4,29.9,-0.27,0.65,175.6,35.7
68.1,10.4,43.8,-0.2,0.77,209.3,44.1
59.3,18.4,21.9,0.61,0.0,196.7,24.1
93.4,1.2,64.7,0.03,3.08,281.2,40.1
46.6,21.7,75.5,-0.09,0.0,169.6,95.6
90.2,9.2,53.4,-1.04,1.24,239.4,42.2
98.8,9.9,32.1,-3.15,0.72,219.3,29.7
33.1,19.2,65.9,-2.24,0.0,123.1,119.4
95.2,32.1,58.5,1.44,1.99,294.0,42.7
33.9,-7.1,25.4,-0.61,4.5,281.0,13.2
35.1,27.1,46.5,-1.33,1.13,170.6,56.4
85.6,3.2,49.2,-2.81,2.6,220.4,40.3
92.0,10.0,98.4,-3.44,0.89,203.0,100.3
34.5,-9.0,86.4,-1.41,4.5,267.2,45.0
20.5,3.5,76.1,1.78,2.89,314.5,40.8
54.1,12.6,90.0,-1.11,0.0,163.6,119.6
57.3,-7.5,76.2,0.8,4.5,275.3,38.3
38.1,12.1,91.3,-1.21,0.0,143.3,132.5
38.4,31.7,14.9,1.28,2.04,234.0,14.0
89.5,-5.3,51.0,-0.7,4.5,279.5,28.2
59.7,24.4,77.2,-2.46,0.3,156.2,100.5
46.9,8.4,62.5,-0.54,0.99,184.3,66.0
85.6,19.5,25.8,3.67,0.0,287.1,19.3
81.1,1.7,40.6,3.58,3.69,322.9,22.6
28.6,-2.8,38.6,0.97,4.5,324.7,19.0
42.9,-2.8,33.5,-0.27,3.96,254.8,21.6
96.4,-6.8,40.9,0.61,4.5,309.9,19.4
44.3,-1.6,56.3,0.63,3.88,265.3,34.2
35.4,19.9,86.9,-0.08,0.0,157.6,119.3
90.8,29.7,76.8,0.88,1.64,273.7,63.1
27.9,26.6,85.2,0.42,0.96,193.0,91.2
60.7,20.8,89.5,-0.63,0.0,180.2,109.7
52.7,-5.0,47.5,-2.39,4.5,228.0,30.7
62.8,3.0,41.1,-0.92,2.85,224.3,31.5
48.5,3.9,15.2,1.6,2.54,249.6,11.2
105.8,1.2,93.7,-0.06,2.44,296.9,52.5
57.9,13.2,15.9,0.6,0.0,194.6,17.3
41.6,14.1,76.7,-0.57,0.0,156.6,102.3
44.7,6.1,44.0,-2.12,1.72,175.3,43.4
97.4,5.9,95.4,-0.48,2.03,269.9,66.6
6.6,27.3,47.8,-2.04,1.18,228.4,45.1
61.3,25.5,83.5,-2.17,0.92,172.8,97.9
96.4,3.9,35.4,2.41,2.6,317.3,19.6
46.0,31.1,36.9,-0.84,1.8,196.5,38.0
41.3,32.9,63.6,-1.48,2.42,201.3,68.4
44.0,4.7,99.8,3.24,1.96,260.9,72.5
34.8,5.9,56.6,1.63,1.79,234.2,46.0
49.4,12.8,94.3,-0.74,0.0,163.1,123.6
95.3,32.4,80.8,0.86,1.89,284.5,59.4
44.2,29.4,81.6,-0.47,1.3,190.3,93.7
82.6,-5.4,49.2,-1.39,4.5,260.1,28.3
39.6,7.7,44.8,0.95,1.17,206.7,41.7
46.5,14.9,27.3,-0.65,0.0,160.9,37.4
30.1,12.6,96.8,0.15,0.0,156.3,132.9
107.7,-1.3,96.3,2.04,3.86,345.7,44.8
44.8,28.6,77.2,1.82,1.42,227.7,69.9
106.2,20.5,36.7,-1.1,0.0,259.3,30.2
19.5,27.7,32.1,0.97,1.07,215.7,31.7
48.3,28.6,99.0,-2.26,1.38,167.6,128.0
35.5,23.7,16.0,0.9,0.0,172.4,20.4
39.7,9.8,85.9,0.3,1.43,203.6,78.8
25.9,17.5,42.0,0.76,0.0,162.1,54.6
31.8,-2.8,47.7,-0.59,4.31,282.2,25.9
103.0,20.3,84.9,4.17,0.0,331.0,57.2
42.4,-1.9,18.2,-1.8,4.08,235.3,12.3
93.9,21.2,41.9,1.94,0.0,278.0,31.9
40.6,0.3,95.7,-2.06,2.81,202.3,80.6
47.9,-4.7,72.9,1.01,4.43,280.1,38.7
103.5,-2.6,77.9,1.15,4.5,330.4,37.3
41.1,-9.9,78.2,0.11,4.5,275.7,40.3
55.1,22.3,15.5,-0.99,0.0,166.8,21.0
86.9,23.0,28.3,0.28,0.0,238.8,25.2
104.5,13.2,54.2,0.53,0.0,279.9,40.3
42.7,-2.7,43.1,3.58,4.5,325.5,20.5
49.9,-6.2,47.0,-1.74,4.5,238.9,27.1
84.2,-9.1,80.3,-1.11,4.5,266.2,42.7
54.7,-2.5,11.3,0.57,4.29,268.1,7.2
95.2,30.1,69.4,-0.51,2.02,265.0,55.6
29.8,0.9,10.0,-0.2,3.31,262.0,6.3
29.0,5.9,15.7,2.14,2.13,258.7,11.2
109.4,-5.3,46.7,-5.64,4.5,239.7,29.3
53.7,0.0,85.7,-1.2,3.16,220.7,62.5
23.1,13.4,23.0,-3.48,0.0,96.4,49.4
46.7,17.3,59.9,-2.39,0.0,135.1,98.2
84.5,1.0,71.1,4.81,2.97,337.3,36.0
74.1,-7.4,30.7,1.2,4.5,289.8,15.7
44.2,7.6,56.1,1.9,1.53,231.2,46.9
25.9,0.5,92.0,-0.16,3.68,290.3,51.6
89.4,-0.1,56.1,1.52,3.56,302.2,30.3
93.2,33.2,24.2,-3.53,2.32,219.2,23.5
99.9,17.7,66.5,2.08,0.0,292.9,47.2
39.8,15.1,63.3,-1.64,0.0,138.6,94.5
83.8,8.7,12.4,-1.06,1.47,230.2,10.1
94.5,9.3,18.2,1.01,1.22,278.0,13.0
26.1,14.3,24.1,0.63,0.0,160.4,31.7
58.2,21.3,22.3,0.17,0.0,188.5,26.3
56.2,21.6,33.4,-2.73,0.0,142.3,49.0
92.3,-2.3,50.9,0.2,3.73,288.9,26.0
33.7,12.5,43.5,1.92,0.0,186.0,48.2
109.3,8.5,90.2,-1.06,1.37,279.6,65.7
89.2,29.2,65.1,2.63,1.48,295.2,47.4
83.9,18.4,88.9,-1.75,0.0,202.7,90.4
94.5,14.0,57.4,0.01,0.0,250.2,46.2
106.5,-4.8,18.1,3.07,4.5,350.0,8.1
27.3,17.3,51.7,-1.36,0.0,131.3,82.6
104.1,-4.7,84.0,2.11,4.5,345.8,38.5
29.5,5.2,27.5,3.95,1.89,276.7,18.6
87.3,-3.6,18.2,0.34,3.78,283.8,9.7
37.2,21.1,39.6,-1.05,0.0,144.7,61.0
102.1,-0.7,45.0,-1.55,3.73,279.9,25.7
96.5,7.6,37.6,2.61,1.7,311.1,22.1
88.1,30.3,22.2,2.55,1.49,292.3,15.9
57.9,-0.8,32.6,2.9,3.65,292.1,18.7
30.3,12.9,71.4,-0.07,0.0,153.2,100.3
79.4,8.9,44.7,2.08,1.29,267.8,32.2
70.3,-9.2,66.9,-0.1,4.5,267.2,32.4
90.2,25.7,58.3,-1.77,0.39,219.1,54.5
44.3,-6.9,59.4,2.25,4.5,303.5,27.4
94.8,11.3,32.4,3.27,0.58,305.8,20.7
53.6,15.2,56.9,-2.04,0.0,149.0,82.8
111.9,18.3,12.1,-2.08,0.0,258.0,10.7
89.1,21.0,48.9,0.08,0.0,240.3,44.8
52.7,1.4,61.5,1.91,3.17,267.4,38.0
46.0,-9.6,26.4,-2.27,4.5,233.9,15.0
27.8,22.6,33.1,0.45,0.0,159.0,44.1
87.2,14.1,29.8,-1.18,0.0,217.5,29.4
49.9,27.6,16.4,1.4,1.11,218.2,16.9
84.6,27.0,41.3,-1.6,1.21,220.5,39.7
45.1,27.9,98.1,1.54,1.13,217.2,101.6
53.2,11.8,41.8,-0.32,0.5,183.8,49.6
37.7,5.0,51.4,-1.87,2.23,192.0,48.5
44.1,25.6,68.8,0.13,0.8,188.1,77.7
5.0,10.3,68.4,-3.88,1.41,223.8,60.4
100.1,-1.7,95.5,-1.12,3.85,283.7,54.3
104.7,28.5,87.2,0.67,1.58,297.7,62.3
37.3,29.7,81.5,-3.54,1.82,156.4,115.0
98.7,11.0,95.6,-5.14,0.81,190.1,96.9
89.9,-6.6,30.8,-4.68,4.5,220.5,20.0
54.0,7.5,65.5,2.65,1.39,245.7,51.4
48.6,26.2,89.8,-0.15,0.92,189.8,104.4
51.9,30.6,66.2,-1.06,1.75,195.2,77.5
21.3,-0.8,98.0,1.89,4.12,350.0,44.1
99.9,-7.0,19.0,-0.81,4.5,294.5,9.1
79.9,29.5,49.5,0.54,1.19,244.4,40.6
38.6,7.5,98.0,0.05,1.61,204.5,88.4
34.6,14.4,44.2,-0.94,0.0,143.9,61.9
113.3,33.6,76.6,0.59,2.19,320.7,49.6
86.5,-7.0,12.7,1.55,4.5,309.1,5.9
92.9,19.2,72.5,-0.37,0.0,241.2,65.6
89.6,-6.7,94.1,-0.92,4.5,276.5,49.0
47.8,6.9,44.4,-0.69,2.01,204.2,41.7
96.8,26.2,11.9,-4.6,0.78,194.0,13.3
109.0,9.5,12.5,0.57,1.15,301.4,7.9
24.6,34.9,90.3,-2.42,2.4,211.3,85.1
87.0,15.2,75.0,1.26,0.0,253.7,64.7
40.5,4.5,19.6,-0.18,2.81,230.7,16.1
58.4,-0.1,14.9,0.21,3.92,256.6,10.4
41.4,5.8,82.4,1.4,1.96,233.2,67.3
47.4,6.8,82.9,-1.85,1.88,183.7,88.7
34.9,-6.9,20.8,0.74,4.5,298.3,10.2
47.8,6.6,37.1,0.54,1.85,219.0,32.2
62.1,10.9,80.2,-0.37,0.5,194.2,83.6
53.9,22.5,57.3,-1.86,0.0,152.3,80.6
41.0,19.6,96.1,1.19,0.0,182.4,115.4
50.1,21.9,53.3,1.41,0.0,196.2,57.5
114.0,-9.6,70.9,0.23,4.5,337.2,28.4
48.1,-0.2,55.9,-2.14,3.14,205.9,43.5
55.3,19.8,94.9,-1.05,0.0,166.2,124.5
80.9,11.8,45.9,-0.12,0.7,230.1,39.6
84.5,-9.8,30.7,1.38,4.5,304.0,13.7
87.0,26.2,39.4,-3.17,0.89,197.5,43.5
37.4,24.8,86.7,-1.13,0.94,168.9,112.4
30.9,14.7,54.8,-0.81,0.0,142.7,84.1
93.3,-7.0,41.9,-0.17,4.5,293.4,20.4
41.1,24.5,59.0,-2.6,0.8,145.1,88.7
22.1,16.3,22.0,-0.44,0.0,141.5,32.9
52.3,25.2,10.5,-0.62,0.69,181.8,11.7
105.9,23.8,35.3,-2.08,0.0,244.1,31.5
74.6,26.1,64.5,-0.24,0.98,221.5,63.1
94.8,13.3,74.1,-1.08,0.0,234.4,68.2
89.8,-3.7,84.4,0.99,4.5,305.4,42.7
42.1,20.2,93.4,-1.77,0.0,139.1,137.4
83.6,17.9,47.1,0.18,0.0,230.9,43.7
88.2,23.4,76.6,-1.62,0.0,213.0,79.4
105.0,-2.4,16.7,-1.2,4.5,297.9,9.1
40.3,-1.2,15.2,0.59,3.26,253.5,9.7
82.9,30.1,21.2,0.47,1.47,251.7,17.2
44.2,23.7,50.4,-0.83,0.0,155.5,67.5
95.5,30.9,29.0,-0.54,2.07,265.7,23.7
42.5,24.1,35.8,-2.91,0.3,129.5,56.5
44.0,16.9,68.3,2.81,0.0,209.8,69.3
96.1,19.4,42.3,1.37,0.0,274.1,33.2
115.1,30.0,60.2,1.3,1.78,332.0,40.3
94.0,16.0,47.1,-3.19,0.0,201.1,51.3
37.8,18.5,25.2,-1.19,0.0,143.2,38.9
44.7,-3.0,16.7,-0.67,3.86,244.8,10.8
90.5,11.3,31.3,-3.86,0.5,189.5,32.7
103.5,22.2,15.2,1.78,0.0,296.4,10.8
110.6,2.2,65.7,2.91,2.6,350.0,31.7
40.8,-0.9,81.6,4.12,3.23,305.2,44.6
56.8,4.1,40.6,-2.09,2.47,196.1,36.5
105.5,0.9,44.8,0.23,3.49,310.8,24.2
95.1,-0.3,83.5,2.65,3.87,331.7,41.7
40.8,9.1,30.0,-0.51,1.08,183.1,33.7
97.5,30.9,20.7,-1.13,1.87,258.6,17.5
50.2,12.8,55.1,-3.73,0.0,119.2,93.9
38.3,-1.5,68.2,2.27,3.8,294.9,37.5
49.4,-6.5,64.0,-0.04,4.5,264.7,36.9
9.2,21.3,74.2,-1.46,0.0,119.8,135.7
42.1,7.2,15.1,0.57,1.66,213.6,12.8
36.5,27.0,48.5,0.31,0.85,187.6,54.1
29.2,19.7,31.5,0.34,0.0,158.4,41.5
111.0,25.8,78.3,-0.43,0.72,287.0,61.2
35.1,2.2,88.5,3.24,3.18,297.9,53.6
41.4,21.2,35.3,-0.27,0.0,160.9,46.3
25.6,1.9,18.6,3.24,3.16,322.5,9.8
45.8,32.3,32.8,1.13,1.82,226.7,30.8
104.7,18.6,19.4,0.7,0.0,282.8,14.7
45.4,4.6,39.0,-0.23,2.24,215.3,31.9
106.1,2.1,58.4,1.95,2.41,327.4,30.7
92.0,-1.4,97.6,0.23,4.3,295.1,51.3
56.8,21.3,45.9,-1.86,0.0,156.1,65.7
64.4,-0.2,29.8,-1.93,3.33,218.0,21.5
36.0,16.8,25.0,0.84,0.0,172.1,29.6
33.4,1.9,25.6,-1.81,3.13,223.5,20.0
81.6,19.8,27.3,-0.12,0.0,222.7,25.4
99.5,26.7,78.6,2.11,0.72,299.6,55.6
51.3,25.0,15.5,0.61,0.3,191.6,17.4
64.7,24.2,99.8,-1.44,0.6,183.2,119.4
42.1,-1.6,57.0,2.82,3.31,286.7,31.9
110.2,-6.0,59.0,1.1,4.5,342.4,26.7
30.2,21.5,42.2,2.04,0.0,184.7,49.1
67.6,6.6,72.1,-4.54,1.89,160.1,87.6
38.0,9.5,52.4,0.66,1.18,202.3,51.5
103.5,-8.6,39.6,1.68,4.5,338.4,17.3
101.0,1.7,33.9,3.4,2.89,343.7,17.5
34.3,-8.5,93.3,-2.93,4.5,245.2,53.1
33.2,29.6,36.2,2.41,1.75,245.7,32.3
88.2,1.0,49.3,3.29,3.42,325.3,25.5
25.6,15.1,41.5,-4.03,0.0,90.0,98.4
97.8,-8.2,17.8,0.96,4.5,317.4,7.5
65.4,20.0,26.7,1.24,0.0,215.3,26.1
88.1,4.5,27.1,-0.65,2.61,256.9,20.3
53.1,30.4,72.4,-0.98,1.25,187.8,79.7
93.9,30.0,46.6,1.34,1.96,289.8,33.9
105.3,4.6,80.4,-1.23,2.29,277.1,52.5
80.5,30.5,73.8,-0.43,1.71,237.2,66.6
109.5,34.8,27.3,1.62,2.5,330.8,17.5
93.3,27.1,60.7,3.51,0.73,308.0,41.7
36.4,28.0,76.9,1.08,1.47,216.2,77.4
79.0,1.2,67.0,0.27,3.46,267.6,44.1
102.1,16.0,64.0,-1.03,0.0,251.0,56.9
44.6,-7.0,76.6,-2.02,4.5,239.0,45.8
96.7,-5.7,15.1,2.22,4.5,334.6,6.8
86.0,35.0,75.8,-0.31,2.5,257.4,59.7
15.9,4.7,34.5,2.3,2.24,320.0,19.2
30.1,23.7,61.5,-0.66,0.0,144.1,88.5
35.4,26.3,31.8,-1.3,1.09,170.0,40.2
39.0,28.6,85.5,0.84,1.57,215.2,83.2
28.4,34.9,53.3,-0.15,2.5,238.3,44.7
36.1,0.9,67.9,-2.41,3.6,223.0,51.0
28.4,-8.2,81.5,3.63,4.5,350.0,30.9
40.5,8.5,90.6,-1.25,1.11,172.5,105.9
77.3,-4.1,75.9,1.86,4.4,301.4,37.9
31.8,-9.0,23.4,1.68,4.5,322.2,10.3
26.3,6.2,86.9,-2.52,1.91,185.7,86.1
40.2,25.3,65.7,-2.0,0.52,146.6,92.9
31.6,15.5,64.9,-0.6,0.0,146.3,98.7
99.0,4.1,92.9,-1.73,2.19,255.9,65.5
93.5,19.4,32.4,3.45,0.0,299.8,24.5
85.5,0.4,31.6,-0.4,3.55,267.5,19.6
32.4,-9.4,56.2,1.78,4.5,321.5,23.5
104.3,24.4,77.6,1.03,0.44,291.1,59.0
50.3,18.1,50.3,0.53,0.0,183.3,60.7
43.7,24.3,67.1,0.08,0.34,176.4,82.1
61.2,-8.2,50.7,2.47,4.5,301.0,26.0
47.5,27.7,64.9,-1.65,1.31,174.8,79.2
53.0,17.9,84.0,3.45,0.0,230.6,75.3
43.6,15.4,26.2,-2.57,0.0,128.7,42.5
93.1,18.1,72.6,1.56,0.0,270.6,57.2
32.4,28.9,80.9,-2.81,1.45,158.5,114.7
36.5,16.4,50.2,-0.63,0.0,150.4,71.4
46.2,16.1,39.1,0.19,0.0,173.1,50.8
95.7,34.6,11.2,-0.97,2.5,264.2,9.0
48.1,24.1,81.7,-0.36,0.63,180.3,100.6
98.4,9.9,39.5,-2.77,1.04,227.5,34.9
102.0,21.8,42.2,-1.97,0.0,236.6,38.7
30.3,7.5,40.2,1.0,1.45,216.9,36.2
44.8,0.3,54.9,0.06,3.1,238.8,37.9
33.3,16.9,73.2,-1.38,0.0,136.1,113.7
92.8,31.8,79.5,2.65,1.61,303.6,56.4
48.2,31.8,45.3,-2.44,2.23,182.5,56.0
41.1,5.4,69.7,-0.72,2.0,202.5,60.4
35.8,13.7,74.9,-1.01,0.0,144.0,103.0
90.5,-0.5,36.7,1.23,3.64,300.6,20.0
42.4,34.8,18.7,0.1,2.5,226.4,17.9
43.3,34.2,90.5,-0.22,2.36,218.2,87.5
102.6,19.2,70.9,-3.69,0.0,212.3,69.3
95.0,26.2,68.3,1.73,0.91,286.7,51.4
98.5,22.2,15.3,-0.44,0.0,252.1,12.4
58.6,16.7,83.6,0.23,0.0,190.1,96.4
101.4,-7.6,60.9,-1.5,4.5,286.9,29.9
69.3,10.5,86.3,-1.81,0.76,186.8,92.4
48.5,20.4,97.7,3.0,0.0,218.1,97.6
99.2,20.5,96.1,-3.55,0.0,206.9,100.5
58.4,6.8,87.0,-2.11,1.83,186.0,86.8
89.7,32.4,11.0,2.96,2.05,307.5,7.8
59.1,-2.5,89.7,1.28,4.48,282.2,51.6
86.7,12.5,16.8,-0.65,0.0,224.5,14.6
49.5,21.1,86.6,2.49,0.0,211.8,87.3
97.7,21.4,35.2,0.89,0.0,270.3,27.1
45.5,19.2,64.9,0.47,0.0,176.5,76.0
85.4,2.4,13.4,0.45,2.81,271.4,8.8
89.2,-3.0,79.4,0.93,3.87,296.6,41.5
31.7,18.6,20.1,1.01,0.0,170.5,25.2
70.8,17.0,47.0,4.39,0.0,271.3,36.5
96.4,-1.9,83.6,-0.39,3.92,288.9,46.9
49.8,21.7,72.6,-0.33,0.0,169.8,93.8
36.6,10.5,10.5,-2.47,0.71,142.2,15.8
62.6,20.0,46.3,-0.1,0.0,190.9,51.8
26.5,27.7,13.8,3.73,1.26,254.6,11.1
57.0,-2.4,70.6,1.97,4.26,288.5,38.3
32.8,-9.1,97.2,-1.09,4.5,277.2,49.3
20.4,25.1,69.0,0.06,0.54,174.2,83.2
44.9,17.4,30.2,-2.59,0.0,129.9,47.8
38.9,21.5,42.0,-1.94,0.0,133.2,66.2
87.6,27.7,97.9,0.3,1.24,254.7,81.3
92.8,26.1,30.2,-0.99,0.84,240.7,26.1
41.9,33.2,60.5,-2.09,2.16,185.7,69.4
93.0,14.1,46.0,0.98,0.0,261.7,37.2
82.3,12.0,79.1,-0.16,0.5,229.5,72.5
88.3,8.1,88.1,-3.14,2.59,219.7,76.2
47.7,-3.1,40.7,-4.15,4.31,200.3,32.3
41.7,15.8,69.4,-1.14,0.0,148.1,99.3
86.0,2.5,59.4,-3.18,2.91,219.2,45.7
97.7,31.5,35.1,-3.74,1.93,220.6,33.4
87.6,16.2,34.5,2.26,0.0,270.0,26.1
73.8,16.7,58.5,-0.2,0.0,207.5,63.8
52.2,6.0,23.9,-0.53,1.54,199.5,22.3
51.1,-7.7,83.0,-0.38,4.5,258.8,44.4
49.3,-8.6,16.2,-2.28,4.5,231.3,9.6
38.6,9.1,18.5,0.82,1.34,209.0,16.1
87.2,-6.2,40.8,-0.26,4.5,282.9,22.1
46.9,17.3,20.6,-1.51,0.0,148.5,31.1
48.3,29.6,52.8,-1.22,2.07,197.5,57.7
95.1,29.7,46.0,-2.45,1.41,229.4,43.5
32.0,19.7,75.0,-0.81,0.0,143.5,108.1
91.8,-0.5,95.8,-0.48,3.69,277.5,54.9
79.6,28.8,77.8,-0.86,1.32,224.3,70.8
104.7,29.9,26.2,0.11,1.44,287.7,19.4
41.5,-1.2,94.2,-0.16,3.43,245.3,64.5
39.5,23.2,45.3,0.46,0.0,169.8,56.7
40.1,2.9,52.7,1.89,2.03,242.3,38.6
33.4,26.1,47.9,1.19,0.71,196.0,54.1
34.3,34.9,35.2,1.91,2.5,259.2,27.1
111.2,-8.6,90.6,-1.7,4.5,302.6,43.8
46.6,30.4,39.9,-1.02,1.82,194.6,45.5
95.6,18.0,62.1,1.31,0.0,272.1,49.8
32.8,33.8,31.6,1.34,2.36,248.5,27.6
96.6,10.9,81.8,-1.36,0.61,240.4,70.7
97.6,28.1,79.7,1.22,1.43,289.6,59.7
60.4,-7.2,36.7,-1.89,4.5,235.4,23.3
34.3,5.1,71.3,0.96,2.48,244.4,52.7
94.0,-7.0,73.3,-0.05,4.5,296.2,36.2
116.0,33.9,60.6,-2.77,2.5,279.2,47.6
77.4,26.8,64.1,-0.87,0.92,215.7,58.7
42.4,28.4,61.7,4.36,0.97,254.3,52.9
34.3,32.2,17.4,0.41,2.21,228.2,16.5
75.9,-6.2,70.3,4.6,4.5,342.5,28.6
93.0,7.4,52.3,-2.89,1.24,216.9,46.3
38.4,-6.8,49.5,1.5,4.5,301.5,23.2
93.4,-0.5,87.4,-5.07,3.91,213.6,68.3
44.2,0.3,12.1,-0.0,3.32,243.1,8.3
49.3,11.1,32.6,1.26,1.23,218.0,29.4
39.2,2.1,20.9,1.68,3.55,278.4,13.5
37.9,-5.5,13.2,-1.6,4.5,256.0,7.6
28.2,-2.5,34.8,2.08,4.28,335.6,16.6
37.6,-3.4,99.0,-1.07,4.5,264.7,60.5
5.0,33.8,34.3,-0.33,2.39,350.0,20.1
81.7,24.2,69.7,-0.87,0.44,217.0,69.1
82.8,33.5,20.6,-2.27,2.22,219.5,19.6
82.1,9.8,64.2,3.14,1.22,287.3,43.9
99.8,2.5,98.6,0.1,3.0,292.9,62.6
46.2,25.9,36.3,2.17,0.93,223.2,35.4
89.4,4.7,86.3,2.09,2.17,295.2,53.6
101.3,3.5,99.8,-1.94,2.13,256.7,70.2
21.8,0.5,63.0,2.43,2.97,320.2,33.5
27.5,-4.2,37.8,1.01,4.5,330.7,16.6
39.8,1.5,70.6,-2.08,3.21,212.7,60.9
80.5,6.0,86.0,0.9,1.93,259.9,58.8
46.5,20.3,25.4,-2.05,0.0,140.0,41.1
102.2,-7.2,50.7,3.21,4.5,350.0,21.2
65.7,-0.5,38.7,1.63,3.41,273.5,23.5
108.4,26.4,35.5,-0.14,0.95,287.5,26.3
98.5,-3.4,87.5,2.53,4.5,342.3,42.9
102.2,5.4,47.9,-3.16,2.17,240.4,37.4
25.4,28.9,40.5,-1.5,1.33,180.4,48.3
49.1,-3.0,64.3,-0.5,4.4,255.8,38.8
100.3,-6.3,29.7,4.47,4.5,350.0,12.2
51.9,11.8,30.7,-2.14,0.5,155.0,40.6
53.5,3.6,56.8,-3.41,2.35,172.3,57.2
21.9,15.4,46.8,-2.89,0.0,104.6,98.2
102.6,26.2,36.5,1.81,0.59,300.6,25.6
31.7,-3.8,14.9,-1.19,4.22,270.7,8.7
96.5,16.1,56.9,-0.32,0.0,249.6,50.4
29.6,12.7,83.5,1.53,0.0,176.5,98.1
71.3,-3.5,86.6,-0.32,4.38,263.0,52.0
99.2,18.1,31.2,0.41,0.0,266.2,25.7
65.0,2.3,64.0,1.07,2.45,250.0,42.6
80.3,12.0,87.0,-0.86,0.5,215.5,87.2
95.1,-6.3,46.8,-0.33,4.5,293.6,23.1
111.1,10.7,93.9,0.48,0.79,301.7,63.9
49.1,3.8,91.3,1.74,2.61,253.1,65.9
104.3,27.0,28.7,-1.58,1.22,259.4,22.0
99.9,-7.4,33.3,-6.0,4.5,216.8,21.5
104.6,8.8,26.2,1.36,2.05,312.0,16.8
81.5,10.6,27.6,1.86,0.88,262.9,21.2
40.3,22.6,91.7,0.4,0.0,169.7,118.6
95.2,15.8,93.8,0.54,0.0,259.6,77.9
79.7,20.0,14.7,-1.13,0.0,204.0,16.0
39.1,25.0,63.4,1.0,0.71,195.8,69.9
43.5,28.8,60.8,1.71,1.41,225.3,60.5
57.4,4.1,45.1,0.11,2.36,227.6,34.6
40.5,14.2,66.9,4.98,0.0,238.7,59.3
28.0,27.8,95.3,-3.13,0.63,127.9,157.3
40.1,34.5,25.3,0.33,2.5,230.7,23.3
85.4,30.0,20.8,-2.35,1.56,214.7,20.7
59.1,6.7,13.0,1.76,1.85,245.0,9.9
119.3,-1.2,42.7,-3.16,4.11,294.4,23.1
43.3,12.0,40.4,-2.67,0.0,127.0,64.4
26.7,23.4,48.8,-1.27,0.0,132.3,79.2
27.3,12.2,55.3,0.53,0.0,159.7,66.9
42.2,11.7,78.2,-1.19,0.55,160.9,92.5
98.1,27.7,45.3,-1.17,1.02,250.6,38.9
96.5,6.3,39.8,-0.36,2.14,271.0,25.1
36.2,28.7,84.4,-0.48,1.49,193.4,93.3
34.9,8.3,86.5,2.97,1.54,247.1,66.9
41.7,4.8,30.9,1.37,2.22,239.1,23.9
90.2,10.4,38.3,-0.65,0.93,241.8,31.1
94.0,24.3,84.3,4.19,0.6,318.4,59.6
34.5,-4.3,17.1,0.98,4.5,303.2,8.9
113.2,-1.2,39.3,-1.94,3.86,297.4,20.6
109.0,32.8,50.4,0.51,2.25,310.6,34.1
44.2,-2.1,26.8,1.07,3.73,268.5,16.7
44.7,15.5,26.2,-1.38,0.0,148.0,37.3
90.9,16.1,48.2,-2.11,0.0,211.1,49.1
97.1,12.0,77.9,0.17,0.0,258.2,64.6
41.3,19.0,85.6,-0.72,0.0,154.0,117.6
36.3,0.3,98.1,2.96,3.32,295.5,57.6
34.0,14.9,16.7,1.48,0.0,179.7,19.3
39.1,6.7,29.5,-1.28,1.18,173.4,29.3
105.3,19.8,78.1,0.85,0.0,286.4,60.8
48.6,-3.6,58.7,2.53,4.45,302.9,30.4
104.3,15.7,39.5,-2.79,0.0,229.7,37.5
88.0,-1.7,28.5,-2.05,4.31,255.2,17.4
57.1,2.5,35.2,-0.02,2.46,227.3,26.3
64.4,-0.2,48.6,0.07,3.58,251.9,33.2
43.5,-1.8,25.9,-0.1,4.24,263.1,16.0
99.9,27.2,96.8,-0.62,1.24,264.7,78.3
37.8,2.9,19.7,-0.65,3.11,233.8,14.9
98.1,31.7,98.7,0.77,1.74,287.0,76.6
96.4,33.6,85.8,2.27,2.24,311.3,59.4
54.1,15.7,48.1,-0.96,0.0,165.9,61.4
82.6,-3.6,76.6,4.88,4.5,350.0,32.5
94.2,6.9,70.4,3.92,1.23,321.3,42.1
25.3,25.9,29.2,2.66,0.79,221.6,27.5
41.5,6.5,40.5,1.24,2.02,232.3,31.6
101.8,-6.1,56.2,4.02,4.5,350.0,24.5
92.8,15.1,67.4,-0.58,0.0,237.9,62.5
51.4,28.0,58.9,-1.67,1.08,172.9,74.1
52.1,25.8,52.6,-1.05,0.91,179.4,60.7
38.6,-2.1,49.9,-2.01,3.73,228.5,36.8
95.8,20.3,54.8,0.24,0.0,256.5,47.4
7.1,-0.1,49.1,0.6,3.77,350.0,23.1
27.3,-0.2,58.7,0.4,3.59,289.3,33.2
92.9,29.3,89.9,-0.02,1.36,261.0,74.3
32.2,1.2,67.0,0.27,3.41,265.8,42.4
80.6,1.8,75.0,3.47,2.76,309.0,44.7
45.5,-10.0,63.8,1.24,4.5,287.1,29.5
86.2,29.2,67.9,1.85,1.7,280.6,50.3
49.2,25.7,62.1,0.38,0.55,190.8,73.3
89.7,18.2,12.4,-3.23,0.0,191.8,13.7
96.9,23.8,100.0,-3.63,0.0,200.7,109.6
46.8,-3.2,13.0,4.17,4.5,329.7,6.3
34.4,10.6,45.6,-1.06,1.11,174.2,52.5
23.2,5.8,19.5,-1.23,1.72,204.7,17.1
53.7,-5.8,18.7,0.49,4.5,271.0,10.2
93.5,11.9,81.4,1.1,0.5,269.8,59.7
89.6,31.4,48.3,1.35,2.31,286.2,36.0
44.2,-8.2,82.1,3.55,4.5,323.0,36.5
72.6,3.1,34.6,3.0,2.91,293.6,21.9
80.6,-0.7,33.1,-1.62,3.84,245.9,21.4
93.9,0.7,32.6,1.94,3.07,310.6,17.6
55.3,30.9,65.5,-0.77,2.18,209.9,65.7
45.3,11.1,83.3,-0.28,1.35,195.0,87.2
53.0,11.0,50.7,-2.19,1.3,170.5,57.3
44.2,24.2,44.1,-3.39,0.43,126.9,72.7
57.6,-3.0,97.6,-0.06,4.44,261.3,55.6
44.7,11.9,20.5,-1.91,0.65,154.4,26.1
24.2,9.3,53.8,1.86,1.26,229.5,45.2
109.8,16.9,46.8,-0.56,0.0,275.7,38.3
30.6,35.0,18.8,0.62,2.5,245.4,16.3
57.0,24.6,34.1,2.74,0.44,233.2,31.5
40.9,7.9,12.6,-2.97,1.06,145.7,17.2
56.1,27.2,88.9,-1.45,1.25,183.6,105.3
96.3,-2.3,64.7,0.36,4.11,302.1,34.6
47.2,-8.6,83.4,0.63,4.5,276.3,41.3
48.1,-0.8,56.9,2.21,3.53,279.1,32.8
47.1,5.3,64.0,1.73,2.08,241.5,46.7
17.8,13.0,73.1,0.19,0.0,148.4,100.8
43.4,17.7,91.7,0.61,0.0,176.3,110.9
84.0,31.0,18.3,0.66,1.76,260.0,15.2
44.1,12.9,39.8,-2.94,0.0,123.8,66.9
28.3,12.6,73.8,-0.31,0.0,147.9,102.3
27.8,-7.7,96.3,0.5,4.5,321.6,41.2
61.3,-8.4,98.3,0.92,4.5,277.7,49.9
80.5,14.8,67.4,-1.85,0.0,194.8,73.1
95.4,9.7,27.4,-2.54,1.35,228.0,24.1
87.3,27.8,20.7,-0.47,0.9,238.6,17.6
39.0,-2.8,95.1,3.93,4.5,336.7,45.0
48.8,-8.9,49.1,-1.64,4.5,241.1,28.7
111.9,10.2,27.5,2.35,1.0,333.4,16.8
98.7,0.7,94.1,3.17,3.66,343.6,45.9
39.0,-7.8,19.4,0.09,4.5,279.2,10.1
37.0,22.6,75.7,-1.36,0.0,139.9,111.8
42.3,-5.0,66.3,1.03,4.5,287.7,34.6
34.9,17.4,17.9,0.39,0.0,164.2,23.3
45.9,2.6,40.5,-1.72,2.83,205.8,35.5
35.6,-2.2,23.5,-1.32,4.41,263.1,13.4
119.5,7.1,64.4,0.91,1.34,332.9,35.5
56.6,26.1,52.9,1.87,0.3,217.0,55.2
33.4,7.6,10.4,-0.65,1.26,184.9,10.0
40.4,23.8,97.8,-0.14,0.0,161.8,133.1
100.5,-4.4,41.5,1.34,4.5,327.8,18.9
36.8,24.8,33.2,-0.34,0.5,168.6,42.7
103.8,0.7,30.0,-0.6,3.36,293.8,18.0
48.7,20.5,24.3,-1.51,0.0,150.7,35.0
69.6,15.5,99.9,-1.55,0.0,180.2,124.3
34.7,31.8,36.6,5.34,2.02,296.3,25.9
30.7,7.4,46.5,-0.39,1.63,201.6,43.5
38.3,-7.0,88.4,2.73,4.5,320.1,40.7
30.4,-9.1,67.8,3.37,4.5,350.0,26.2
48.8,27.2,43.2,-0.37,1.31,194.8,48.5
107.9,13.6,90.8,0.74,0.0,290.8,68.1
70.0,24.9,77.5,0.2,0.58,215.6,79.3
57.6,0.5,30.5,-3.22,2.95,188.0,26.0
42.2,5.5,67.9,-3.1,1.97,165.9,74.8
89.2,-8.6,93.0,0.1,4.5,291.1,44.7
102.5,33.3,54.7,-0.85,2.45,278.6,41.2
82.7,20.1,76.0,3.78,0.0,283.4,57.8
34.9,32.0,97.4,-0.47,1.91,205.9,101.6
88.1,1.9,72.1,3.9,2.93,328.9,37.3
99.7,17.5,19.2,-0.95,0.0,247.0,16.6
92.8,20.5,32.0,3.82,0.0,304.0,21.8
28.7,4.3,63.6,1.01,2.81,265.9,42.5
43.2,28.2,34.8,1.13,1.17,210.8,33.9
35.5,32.6,96.2,-1.02,2.34,209.4,97.8
29.1,29.8,46.5,1.15,1.07,207.3,47.9
84.6,23.3,51.2,3.39,0.0,281.0,38.1
44.7,2.5,73.1,-0.29,3.11,233.8,57.6
26.6,2.7,57.2,-0.68,2.99,253.5,39.2
80.8,33.4,44.4,-0.49,2.27,243.8,38.8
117.3,-9.5,16.9,3.24,4.5,350.0,6.4
73.2,22.2,63.7,1.71,0.0,235.2,57.5
91.2,21.8,88.1,2.9,0.0,286.7,66.7
31.0,18.0,71.7,0.63,0.0,164.2,93.0
112.3,34.6,44.3,0.08,2.43,313.0,29.8
78.2,4.0,21.5,0.85,2.36,261.2,15.1
37.8,5.3,83.5,2.14,1.92,244.0,61.9
115.9,-6.4,94.8,-0.49,4.5,330.3,40.2
96.3,9.9,44.9,2.74,0.81,303.3,28.1
52.9,1.7,75.6,0.73,3.05,247.4,54.9
38.2,5.5,47.0,-4.81,1.79,136.2,65.3
97.1,27.6,55.2,1.77,1.38,296.3,40.8
40.0,32.1,85.3,-2.54,1.91,173.1,103.4
30.3,-1.6,17.5,1.72,3.96,310.6,8.7
103.3,6.8,57.7,1.8,1.75,313.1,34.4
80.6,31.8,29.3,0.66,2.06,258.2,24.1
33.1,-7.2,40.6,1.09,4.5,308.8,18.2
34.5,-5.8,68.0,2.2,4.5,321.4,29.9
72.1,-2.7,12.5,-0.99,3.43,240.3,7.8
63.7,16.8,63.4,1.59,0.0,217.9,63.8
59.9,-3.2,35.5,2.33,4.19,293.3,18.2
97.8,33.6,70.3,3.52,2.5,335.4,44.6
71.1,10.1,22.7,-2.21,0.5,179.8,24.9
46.4,12.6,76.2,0.82,0.0,182.9,87.9
53.7,1.1,68.1,-1.92,3.3,212.4,55.1
86.7,11.2,97.4,-2.01,0.93,214.9,91.3
41.4,19.8,92.0,0.72,0.0,175.7,113.0
39.0,23.8,35.5,0.15,0.0,164.7,46.2
39.5,23.9,12.5,2.29,0.0,197.2,13.3
100.5,16.0,69.0,-0.69,0.0,252.6,60.4
95.8,30.7,64.3,-0.27,1.44,263.8,51.5
41.6,26.8,12.5,0.42,0.93,193.8,13.8
60.1,24.1,21.0,-1.72,0.33,168.3,25.7
6.4,-7.5,62.6,-1.45,4.5,350.0,25.7
48.1,-9.7,92.1,2.23,4.5,299.7,40.8
50.6,-0.4,91.6,-1.1,3.1,220.6,67.6
55.8,19.9,23.6,2.36,0.0,218.1,22.7
41.2,8.5,44.6,1.21,1.39,216.7,39.8
44.5,8.1,13.9,-3.1,1.37,152.8,16.5
53.8,29.8,52.2,1.06,1.75,228.4,50.2
106.3,30.3,77.8,1.04,1.8,308.6,54.0
38.4,30.9,81.1,0.85,1.74,219.7,77.9
45.2,4.1,54.9,-0.28,2.39,217.7,43.3
62.1,21.1,18.6,-1.88,0.0,163.6,24.8
112.8,2.2,44.3,2.69,2.83,350.0,21.6
100.6,-1.4,93.9,-0.2,3.56,295.5,53.5
59.6,-1.7,30.7,-1.77,4.26,233.0,21.5
55.1,5.4,38.8,0.91,2.23,235.9,31.6
48.3,9.3,77.2,-1.49,0.81,167.3,91.2
36.6,27.4,76.0,-1.9,0.87,155.2,108.7
31.4,-4.6,92.1,-0.75,4.44,285.3,49.7
92.8,23.1,44.9,-1.33,0.0,226.6,42.1
60.6,13.9,56.3,-1.82,0.0,162.1,73.9
105.4,3.0,52.1,1.61,2.5,321.9,27.8
43.2,12.2,93.5,-0.23,0.0,163.5,125.0
101.3,3.5,79.2,2.5,3.05,332.5,42.3
94.7,16.8,84.8,-1.71,0.0,224.9,81.2
35.5,9.5,22.0,-3.46,1.33,144.6,30.3
40.8,-2.6,81.3,0.3,4.11,269.5,46.2
21.8,-4.8,49.0,3.71,4.5,350.0,22.0
22.6,14.6,12.1,1.06,0.0,164.3,15.3
42.1,30.6,15.4,6.0,1.93,301.5,10.5
97.4,5.5,71.0,0.66,2.57,292.6,44.5
67.3,23.0,43.5,0.47,0.0,206.8,43.5
93.4,19.6,88.1,-4.31,0.0,183.2,108.3
32.4,31.9,76.1,0.86,1.97,229.7,70.0
86.4,26.9,12.0,0.34,0.67,246.4,9.4
37.6,15.5,71.8,-0.81,0.0,148.7,104.4
91.9,19.6,27.3,-0.27,0.0,240.6,24.8
30.5,30.4,48.0,-0.14,1.38,197.5,51.5
30.1,8.0,66.2,-0.36,1.44,196.3,62.2
93.2,4.7,88.5,4.18,2.2,333.7,48.1
65.4,-9.5,51.0,-0.74,4.5,254.4,26.9
81.0,27.2,82.8,0.34,1.13,242.4,71.3
120.0,26.0,80.5,-0.81,0.55,301.7,55.5
48.1,-5.3,47.3,1.57,4.5,289.7,24.5
55.4,16.0,55.1,0.35,0.0,187.4,64.9
100.2,10.9,73.0,-0.56,1.3,266.8,56.0
38.3,-4.7,12.8,-3.85,4.36,217.7,8.5
100.2,34.1,90.2,0.49,2.5,294.6,65.6
90.6,-0.3,79.3,-0.62,3.85,275.1,48.8
63.1,-7.0,32.4,-0.12,4.5,262.7,18.5
59.8,16.8,98.3,-2.36,0.0,152.8,134.3
91.9,23.2,26.1,2.87,0.0,287.6,19.5
36.0,-8.5,92.3,1.71,4.5,310.2,42.1
29.8,19.6,39.2,2.86,0.0,196.7,42.2
34.4,14.0,78.7,2.29,0.0,192.3,88.0
27.2,-5.4,51.1,1.18,4.5,334.9,22.8
47.1,-2.2,76.3,-2.28,3.59,213.4,55.5
24.5,15.6,24.0,3.69,0.0,205.0,24.6
110.8,3.3,34.3,-1.86,2.64,282.7,22.3
49.5,32.2,19.0,-0.54,1.86,203.9,19.2
22.1,26.8,87.9,1.41,0.97,213.1,85.5
101.0,34.3,36.7,1.51,2.48,311.4,25.0
86.1,1.7,72.5,1.14,2.93,284.4,43.8
97.5,33.6,83.8,-0.8,2.18,266.8,63.7
32.9,9.4,91.1,-1.21,1.44,181.9,97.1
86.7,5.6,19.6,5.07,2.2,335.7,10.5
55.5,-7.7,90.4,-0.08,4.5,262.1,47.9
40.8,-7.6,27.8,-0.32,4.5,269.7,15.7
66.0,21.1,76.3,-1.43,0.0,176.3,92.2
42.5,10.6,75.6,0.49,0.99,196.9,75.1
98.0,0.2,10.8,0.4,3.14,295.5,6.5
45.5,17.6,29.9,-0.03,0.0,169.1,39.0
86.2,1.4,54.3,0.76,3.05,280.1,33.9
93.6,16.0,47.8,3.53,0.0,301.2,33.3
103.0,6.2,92.7,-1.19,1.57,266.0,67.3
33.2,27.1,42.4,0.09,0.56,175.0,53.3
86.4,26.9,94.3,-1.3,1.02,226.1,90.1
62.9,11.5,51.3,0.59,0.58,211.0,47.0
39.4,5.8,96.8,-1.14,2.1,199.0,90.1
78.9,6.3,76.4,-1.05,1.82,226.9,66.2
37.7,26.3,84.6,-2.92,0.7,135.9,134.8
26.4,4.8,19.4,0.2,2.17,236.3,14.8
101.6,-0.6,62.8,0.86,3.16,309.4,33.2
33.7,-6.2,22.8,3.72,4.5,346.7,9.6
90.8,11.0,36.8,0.94,0.5,262.1,27.7
58.3,11.7,66.1,-0.9,0.59,182.7,73.9
36.0,27.8,75.4,-2.72,1.19,151.7,111.4
48.4,-0.0,13.5,-2.44,2.97,197.8,11.8
29.6,7.1,57.8,-2.59,1.73,173.1,61.9
71.3,26.4,60.9,3.76,0.85,274.6,49.5
81.5,27.1,17.1,0.58,1.07,246.0,15.3
39.7,7.3,55.1,-1.17,1.67,187.7,56.8
99.1,10.7,74.2,-1.92,0.96,240.8,62.8
40.6,3.6,14.8,-1.71,2.85,208.5,12.3
37.9,32.0,78.4,-1.22,2.31,203.8,80.9
85.9,-4.7,61.9,2.63,4.5,324.6,29.6
110.8,32.0,85.0,-0.06,1.89,302.7,57.6
43.6,20.8,29.6,-2.89,0.0,123.9,49.8
97.5,13.9,85.0,4.62,0.0,325.8,55.7
90.1,-8.5,18.5,-2.28,4.5,256.8,9.8
40.7,11.4,46.3,-1.18,0.63,162.0,59.6
99.6,8.3,28.0,2.62,2.02,320.5,16.5
52.5,-2.7,88.8,0.83,4.22,271.1,52.1
94.9,19.5,73.4,-0.94,0.0,236.9,67.3
106.9,33.7,12.3,-2.46,2.25,261.5,9.8
112.6,15.3,10.9,-1.93,0.0,261.9,8.8
45.6,22.2,36.2,-1.81,0.0,142.5,53.5
22.1,-6.9,22.9,0.01,4.5,350.0,9.4
117.1,8.8,66.7,0.38,1.28,318.6,39.7
59.7,-4.8,69.7,-0.3,4.5,259.1,40.4
30.9,17.6,94.8,-0.08,0.0,153.5,135.7
88.8,32.2,95.7,-2.1,1.71,226.2,86.9
34.8,19.8,69.3,0.59,0.0,167.0,87.9
56.8,-6.5,10.5,2.56,4.5,301.7,5.1
43.1,6.0,42.3,-0.33,2.27,214.6,34.4
62.7,14.8,56.2,-0.36,0.0,187.2,67.9
100.2,8.1,54.9,0.17,1.64,281.1,38.9
92.4,27.5,64.3,2.24,1.06,290.8,45.3
42.8,26.7,96.4,-1.79,1.01,163.3,119.0
109.6,17.5,89.7,2.9,0.0,327.3,59.0
92.5,6.8,19.8,0.84,1.4,273.7,13.2
90.9,1.5,33.9,0.06,3.1,277.6,21.6
41.2,-5.2,85.0,2.43,4.5,310.4,41.5
96.9,6.0,84.2,-2.36,1.53,235.5,66.7
39.7,8.6,34.8,1.04,0.93,202.1,32.9
89.4,20.4,75.8,0.86,0.0,252.4,67.6
88.8,19.6,70.5,-1.87,0.0,210.4,73.7
29.0,-6.8,52.6,0.92,4.5,322.1,24.0
86.1,7.8,28.1,0.57,1.54,259.5,21.5
50.7,-1.8,90.0,-0.36,3.82,245.8,57.0
75.3,-2.9,71.0,1.73,3.95,291.5,39.8
47.6,27.2,25.2,-1.14,0.95,174.8,30.8
108.6,-8.1,73.4,0.54,4.5,331.0,31.5
34.0,8.9,76.7,-0.26,1.51,197.9,75.3
24.8,-2.4,89.8,-1.23,4.21,301.3,44.7
41.2,29.6,30.1,1.01,1.6,218.6,30.4
37.8,15.1,99.0,-0.42,0.0,155.0,129.8
31.9,0.4,23.8,-2.95,3.7,227.3,17.1
105.4,12.6,64.1,-3.6,0.0,220.1,59.5
34.7,22.9,69.1,1.58,0.0,181.8,77.0
20.0,33.1,47.7,-2.44,2.19,219.6,44.5
36.7,-0.1,52.8,0.56,3.45,262.5,33.7
88.8,29.9,90.2,0.11,1.32,254.9,75.3
90.0,32.0,68.1,-0.74,2.07,252.8,56.8
87.7,31.2,54.7,3.91,1.81,315.6,36.0
107.2,18.6,21.6,0.36,0.0,283.5,16.4
61.2,18.3,10.7,1.51,0.0,213.1,10.7
50.2,8.1,21.2,0.57,1.94,222.5,17.5
23.4,23.9,96.1,-0.46,0.0,142.0,144.6
94.0,13.9,78.8,-0.04,0.0,248.5,64.5
97.9,20.5,97.0,2.92,0.0,301.2,71.1
42.2,9.3,13.2,2.18,1.28,228.9,11.2
57.9,22.9,71.2,3.9,0.0,244.1,67.5
35.4,27.1,14.0,0.44,1.04,195.0,15.9
19.6,-3.4,80.4,-1.75,4.21,334.7,37.2
90.0,27.5,44.3,-0.88,0.98,238.5,40.6
62.8,14.3,18.6,-2.38,0.0,157.0,23.6
83.3,28.0,61.1,1.53,1.07,263.6,51.3
42.0,9.4,35.2,-1.17,1.18,176.0,38.4
95.1,7.1,69.4,-6.0,1.36,175.7,74.9
95.5,31.2,69.2,4.93,1.87,345.6,41.9
88.3,1.3,73.5,-1.14,3.08,255.3,48.2
100.0,28.0,99.3,-1.15,1.15,256.0,83.0
83.4,11.8,44.8,3.34,0.68,286.3,32.1
116.6,13.1,51.9,-2.42,0.0,264.6,40.9
108.2,3.9,82.4,2.27,2.71,339.6,43.5
104.8,15.8,62.1,-1.17,0.0,255.1,49.8
81.1,4.6,13.4,-2.65,2.22,211.2,12.3
97.1,-8.2,85.9,3.41,4.5,350.0,34.6
107.1,2.2,14.6,1.85,2.89,332.5,7.8
100.9,-9.7,25.4,1.84,4.5,336.1,10.1
60.8,34.0,19.2,0.74,2.5,241.9,16.3
49.7,33.5,17.0,1.2,2.45,241.9,14.9
50.4,7.8,12.3,-2.46,1.92,176.6,13.5
52.7,22.8,15.0,0.22,0.0,181.8,18.4
110.3,5.6,49.8,-1.86,2.29,278.3,35.1
43.4,20.2,32.8,-2.78,0.0,125.5,58.6
101.6,26.2,21.4,0.82,0.96,287.1,15.2
35.4,32.6,69.3,2.32,2.09,252.4,57.4
25.0,8.0,30.4,-0.77,1.57,201.2,29.3
74.9,25.2,11.7,-0.42,0.3,210.1,11.8
89.5,2.0,47.7,-2.28,2.87,237.7,34.6
28.6,34.6,37.9,0.01,2.35,235.3,31.7
97.6,-8.8,38.7,1.52,4.5,325.7,16.9
83.0,17.2,50.1,1.58,0.0,250.9,40.5
42.0,19.7,70.2,1.09,0.0,181.9,79.1
32.2,21.0,65.5,-1.24,0.0,137.3,99.4
96.0,-4.6,94.4,-1.3,4.5,280.7,50.9
35.4,32.2,56.6,1.59,1.92,236.8,48.3
34.6,-1.8,52.5,1.62,4.02,298.7,27.4
47.2,18.0,29.2,-0.34,0.0,166.4,39.0
87.0,0.0,78.0,-0.85,3.05,257.1,50.4
101.3,3.8,22.7,2.33,1.51,314.6,13.1
97.2,14.6,54.2,-0.72,0.0,244.9,45.5
41.7,8.8,47.9,1.49,1.42,221.7,42.1
88.2,-2.8,69.2,-0.27,3.9,277.3,39.2
64.5,-2.3,92.6,-2.1,4.05,226.7,63.5
43.3,8.8,95.2,3.22,1.05,239.7,77.4
49.2,24.1,25.1,0.24,0.36,184.9,27.5
30.3,30.4,33.6,-1.42,1.68,188.2,38.8
80.0,-6.2,83.0,-2.78,4.5,236.1,51.0
96.1,7.7,56.6,-2.58,1.35,228.7,47.0
42.9,-5.5,50.8,-0.75,4.5,260.3,29.8
98.3,-9.3,74.0,3.85,4.5,350.0,29.3
92.2,19.8,64.2,-1.17,0.0,227.7,60.0
97.7,17.1,97.4,2.89,0.0,300.3,67.4
14.6,-2.7,62.6,-0.26,4.34,350.0,29.4
102.3,0.5,51.9,-2.36,3.01,261.0,32.1
47.6,-8.9,58.9,-0.95,4.5,252.4,32.7
97.3,27.6,82.8,-2.56,1.25,230.5,73.5
56.8,33.9,65.1,-1.71,2.43,201.1,70.2
85.9,-3.9,68.2,-1.77,4.5,258.6,41.9
35.2,0.4,97.4,-3.81,3.71,206.9,74.6
14.1,29.1,65.7,3.03,1.65,305.9,46.8
93.1,31.7,44.2,0.42,1.88,273.6,34.8
100.4,8.9,72.2,-1.37,1.59,258.1,55.8
92.1,-7.7,69.4,0.44,4.5,300.6,33.1
101.7,-8.2,11.2,-1.67,4.5,284.8,5.4
47.1,15.8,52.1,-5.34,0.0,91.2,121.9
29.8,7.7,76.9,5.91,1.05,277.6,55.6
49.5,-8.7,54.9,0.38,4.5,271.0,27.1
61.6,16.2,80.2,-1.18,0.0,173.4,100.4
88.9,-9.5,50.6,-3.87,4.5,231.2,30.8
101.0,25.4,98.5,-2.99,0.74,226.5,90.7
119.5,3.8,36.4,3.31,1.93,350.0,17.8
91.6,-8.2,18.3,3.0,4.5,338.2,7.3
99.6,16.5,48.7,1.51,0.0,283.5,37.4
47.4,7.9,58.8,-2.23,1.92,178.9,60.7
62.1,33.8,41.4,3.02,2.43,276.2,31.5
88.2,14.5,31.8,0.9,0.0,250.8,28.2
46.9,2.4,70.5,1.31,3.1,256.9,47.8
31.7,21.9,43.9,0.89,0.0,168.8,54.7
37.7,2.2,66.8,-3.01,2.66,186.3,62.6
92.4,30.7,80.1,-2.4,1.79,229.0,74.8
39.7,6.9,78.5,-1.02,1.76,192.2,78.1
86.2,14.7,43.8,1.29,0.0,252.5,38.9
108.8,-7.7,61.1,-2.76,4.5,281.7,31.1
34.5,9.2,50.5,-0.35,0.87,177.9,59.1
85.3,27.5,88.4,-0.35,1.35,242.1,79.5
89.1,26.3,89.1,1.59,1.01,274.2,68.3
87.3,0.1,40.9,1.35,3.42,295.0,24.8
94.6,0.2,18.3,-2.02,3.73,259.3,11.7
42.5,26.8,25.1,2.89,0.69,225.8,23.1
114.0,31.9,43.0,-2.33,1.95,276.4,35.5
40.6,-5.7,60.8,2.18,4.48,307.2,28.7
94.7,10.3,69.1,-1.1,1.04,244.8,55.1
91.8,5.2,39.8,0.33,1.68,267.8,26.8
104.5,29.2,70.1,0.45,1.43,292.3,51.8
37.7,-6.2,94.4,0.4,4.5,286.4,49.6
66.4,-0.5,68.7,1.35,3.47,270.8,38.5
31.0,23.9,24.3,0.78,0.0,166.6,32.2
38.7,-7.7,62.2,1.57,4.5,301.9,28.7
37.4,12.2,58.8,0.93,0.0,174.6,68.4
39.0,9.9,88.4,-2.53,0.82,145.4,126.9
38.0,5.0,41.5,0.54,2.28,229.3,33.3
107.6,7.8,48.1,-1.13,1.35,274.8,34.0
21.5,13.8,63.9,-2.22,0.0,114.4,117.8
109.8,-2.7,57.2,-0.58,4.03,312.2,29.6
98.8,15.7,74.7,0.37,0.0,264.7,63.6
27.1,26.2,13.6,0.5,1.28,206.3,13.2
94.9,24.2,60.7,2.11,0.38,286.6,47.0
30.3,-3.1,21.0,2.61,4.5,342.0,10.0
89.8,-3.3,38.4,0.67,3.98,294.8,20.6
73.0,2.1,69.5,1.03,3.21,268.6,44.0
48.5,6.2,24.2,0.19,1.94,216.0,20.2
95.9,8.4,37.8,1.53,1.23,289.0,27.1
33.7,20.6,73.3,0.97,0.0,171.8,89.2
120.0,-7.4,68.6,-0.11,4.5,345.1,29.6
45.0,-8.4,18.2,4.3,4.5,333.5,7.7
26.2,7.6,62.0,-1.09,1.37,186.8,67.3
40.4,21.4,23.3,2.91,0.0,207.5,23.9
33.4,-1.3,32.7,-2.71,3.78,229.5,22.0
28.8,18.9,51.3,1.63,0.0,177.3,62.2
45.1,1.7,19.8,2.87,3.26,284.4,11.5
51.3,29.9,99.4,-3.81,1.38,146.3,157.9
96.4,30.3,24.9,0.28,1.75,276.5,19.7
48.9,3.4,80.3,1.43,2.57,247.6,58.9
98.1,0.3,84.7,0.5,3.34,299.4,48.6
50.6,8.5,99.5,0.76,1.35,213.7,88.5
101.8,0.8,48.6,0.27,3.44,303.6,27.0
43.6,20.3,88.7,-2.19,0.0,134.5,142.2
34.7,27.2,96.2,4.74,1.13,261.9,83.6
36.0,20.3,25.6,-1.01,0.0,144.3,36.8
42.9,27.1,53.1,0.87,1.0,203.0,55.1
87.3,7.9,15.4,-1.29,1.73,235.8,12.4
45.6,-3.0,65.9,-4.55,3.83,185.3,54.7
89.8,23.2,62.3,-1.85,0.0,212.6,60.3
32.0,6.2,28.4,-2.9,1.86,170.4,28.6
36.1,20.2,81.8,2.18,0.0,192.2,86.5
102.0,2.2,13.4,-1.21,3.32,280.6,8.5
37.2,-6.3,82.6,-1.03,4.5,266.1,45.3
109.3,34.7,12.4,-2.13,2.49,273.9,9.7
37.5,-3.0,69.1,0.19,4.27,277.4,38.4
84.0,34.5,17.1,-1.43,2.5,237.3,15.1
51.5,34.0,32.6,1.98,2.22,249.9,28.8
119.8,25.7,75.0,0.6,0.68,323.5,52.1
91.1,19.7,35.2,-1.14,0.0,225.9,34.5
61.9,16.0,56.0,1.7,0.0,216.9,55.8
53.8,29.0,92.4,0.02,1.29,204.2,98.8
51.5,3.0,14.5,0.04,2.69,229.8,11.2
87.2,11.0,83.0,-2.93,0.57,197.9,84.4
47.5,17.9,15.9,-0.14,0.0,169.8,19.9
66.2,8.5,21.4,0.64,1.85,235.6,18.2
42.5,9.2,20.7,2.67,1.2,234.4,16.7
48.9,4.9,99.5,-1.5,2.74,207.1,91.5
91.6,15.4,26.2,4.56,0.0,312.3,17.9
89.5,28.3,90.7,1.11,1.47,273.0,68.6
27.6,-0.9,99.2,-3.04,3.73,241.8,66.0
108.3,32.0,44.5,-1.69,2.07,274.4,33.6
11.4,21.0,66.8,2.84,0.0,185.1,76.3
37.2,27.0,80.1,2.49,0.8,219.2,77.2
6.1,15.0,45.3,0.04,0.0,141.3,67.7
103.8,25.1,24.6,0.3,0.42,278.8,18.8
100.7,-9.3,49.0,-2.33,4.5,273.2,24.5
114.6,26.8,79.5,2.64,1.34,347.1,50.4
46.8,-8.2,80.3,-1.98,4.5,237.6,47.0
32.0,30.0,30.7,1.69,1.83,238.1,28.0
54.8,34.6,25.7,2.7,2.5,267.5,20.2
79.1,3.2,92.9,0.1,2.52,253.2,66.0
99.5,-0.5,14.0,1.94,3.76,327.6,7.0
77.9,24.4,76.1,3.7,0.49,279.4,57.4
30.1,1.4,14.2,0.54,3.28,271.1,8.7
32.1,29.0,85.4,-0.35,1.69,203.2,90.9
42.6,-5.4,91.5,-0.13,4.5,269.9,52.5
42.9,-4.3,36.8,-1.49,4.5,249.1,22.4
60.5,34.1,16.7,-1.53,2.19,202.6,16.9
46.6,20.3,53.3,0.88,0.0,184.1,61.7
9.5,28.1,36.9,-0.33,1.37,274.1,28.4
85.3,4.6,47.5,0.66,1.95,264.3,32.0
93.1,20.4,69.8,-2.98,0.0,202.5,71.0
30.4,16.7,28.9,-0.19,0.0,151.5,40.7
32.3,17.1,42.1,2.06,0.0,186.8,48.8
34.0,20.7,80.4,-2.24,0.0,124.0,135.0
99.9,15.9,67.9,0.03,0.0,262.2,54.2
106.2,9.3,39.4,-3.71,0.93,229.0,32.8
94.2,2.4,69.8,-2.61,3.15,243.8,47.9
90.4,24.6,78.9,1.62,0.43,270.7,60.9
68.8,0.2,63.3,-0.62,2.87,234.6,44.9
26.0,21.2,31.6,3.64,0.0,205.5,31.7
38.6,0.5,10.0,0.86,3.46,264.7,6.3
11.7,18.1,82.3,1.06,0.0,158.5,109.2
84.3,23.6,84.0,-2.15,0.0,197.3,89.0
49.7,-0.2,72.8,-0.77,3.51,233.6,52.3
50.6,-7.3,16.9,-1.47,4.5,242.7,9.8
42.9,-4.1,62.7,-2.13,4.5,239.5,39.6
101.4,17.3,83.9,1.33,0.0,284.8,65.8
72.6,28.2,45.1,1.73,1.2,250.8,37.6
82.0,-8.0,27.8,0.8,4.5,292.1,14.1
35.7,23.0,62.9,-1.66,0.0,134.3,99.6
24.6,5.4,84.4,0.66,1.95,238.9,62.7
37.1,11.5,14.4,-3.83,0.5,116.6,24.8
98.3,31.8,63.7,2.65,2.1,319.3,42.6
47.4,4.9,67.9,-2.6,2.44,184.3,69.8
96.4,10.9,64.2,-2.24,0.5,225.6,58.8
41.1,-9.4,68.5,0.23,4.5,277.5,33.7
52.1,-6.3,66.8,0.41,4.5,270.2,37.5
102.5,1.6,21.7,-0.15,3.15,296.0,11.9
30.6,-8.7,31.1,-2.22,4.5,268.0,16.2
91.6,18.4,65.7,2.27,0.0,278.1,51.3
96.8,9.2,11.6,-3.37,0.7,211.7,10.9
38.1,14.7,67.1,-2.97,0.0,116.9,116.9
94.6,-2.1,69.9,-0.21,3.97,288.9,37.5
42.2,3.3,31.5,-2.53,2.72,192.3,28.9
44.2,19.9,63.8,2.45,0.0,204.7,69.3
49.3,33.4,58.1,-2.36,2.26,184.6,70.3
97.5,-7.7,33.5,3.11,4.5,349.3,13.3
37.6,30.1,51.7,2.07,1.53,232.6,45.9
105.3,16.0,91.9,2.47,0.0,310.7,65.1
90.8,15.4,48.4,3.77,0.0,299.0,37.5
51.5,12.5,66.7,0.16,0.0,179.3,79.5
34.2,-6.9,13.2,-2.03,4.5,258.7,7.2
52.2,-6.0,17.0,-0.21,4.5,261.0,10.4
42.2,17.0,17.3,-1.13,0.0,148.8,25.5
35.7,5.3,80.0,-1.42,1.84,189.4,75.8
83.6,31.3,41.5,0.3,1.76,253.8,37.0
99.9,8.3,30.5,-0.62,1.01,262.4,21.9
96.7,-3.6,77.3,-1.5,4.5,278.7,42.2
96.5,22.2,25.3,-0.49,0.0,247.0,22.5
103.7,3.2,32.2,1.1,2.67,312.3,18.2
48.3,13.6,48.8,1.91,0.0,201.6,51.0
99.8,21.4,39.8,-3.21,0.0,213.4,40.2
102.2,30.5,62.7,-0.61,1.31,270.3,51.4
53.6,25.6,40.4,-0.28,0.88,191.9,42.1
98.0,20.4,45.4,-2.37,0.0,222.0,44.3
28.5,20.6,87.7,-0.24,0.0,149.1,125.3
93.7,32.6,89.6,0.3,1.91,273.2,68.0
91.8,3.3,84.5,1.04,2.66,288.9,50.7
99.7,-9.9,87.8,0.15,4.5,308.7,35.3
47.2,2.2,61.3,-1.76,2.93,207.2,50.2
98.9,-0.2,68.2,4.02,3.74,350.0,33.6
40.5,19.8,60.1,1.66,0.0,188.8,70.2
41.1,18.5,80.7,1.11,0.0,181.1,95.2
95.3,16.7,59.6,2.01,0.0,281.9,43.5
95.6,-9.3,20.0,0.49,4.5,306.9,9.1
97.4,22.8,82.9,2.57,0.0,294.9,62.8
14.0,4.6,78.5,0.11,2.2,302.7,48.5
62.8,19.9,83.8,0.0,0.0,192.8,90.7
101.2,15.0,27.1,1.27,0.0,283.7,20.0
45.9,5.4,34.4,3.15,1.67,253.8,26.2
40.8,-3.9,36.6,3.02,4.36,316.5,17.2
92.2,-5.8,55.7,1.19,4.5,311.9,26.8
51.7,27.4,22.0,1.03,1.46,220.8,20.3
90.5,31.3,44.7,1.39,1.81,282.7,33.5
45.0,19.2,26.4,1.97,0.0,198.5,29.1
49.9,-5.3,33.8,2.6,4.5,304.0,16.6
45.9,8.1,73.6,-0.47,1.53,196.2,73.4
54.2,22.8,86.9,2.64,0.0,220.0,81.8
36.4,25.1,12.1,0.69,0.88,194.3,13.0
54.9,-4.7,60.9,1.3,4.5,282.9,33.1
55.3,-10.0,13.2,2.76,4.5,304.8,6.0
55.0,22.0,17.7,1.49,0.0,203.9,18.8
34.1,6.0,73.5,1.83,2.09,246.4,57.1
40.0,1.5,76.2,-0.78,2.97,226.0,54.9
44.9,-9.4,83.3,3.0,4.5,314.0,35.6
102.9,14.3,52.7,1.39,0.0,289.2,40.9
92.0,28.3,87.4,0.25,0.9,258.4,75.5
94.3,33.1,25.0,2.2,2.36,307.8,17.5
45.4,15.5,32.5,5.18,0.0,247.1,28.1
103.8,13.2,22.1,-2.34,0.0,235.3,20.2
100.7,-6.2,81.8,-1.61,4.5,283.9,42.8
89.9,14.7,30.6,5.37,0.0,321.1,19.5
44.6,7.1,24.0,0.85,2.1,228.3,20.5
81.8,17.3,66.1,0.38,0.0,230.6,60.0
104.9,7.5,16.9,-0.23,1.84,286.8,11.5
96.2,0.8,14.0,2.42,3.34,324.6,7.0
38.0,-5.7,19.6,5.22,4.5,350.0,8.7
48.0,4.2,10.0,-1.33,2.8,210.9,8.5
59.8,-5.7,72.7,-0.19,4.5,260.6,40.0
50.5,-2.0,60.6,-0.7,4.5,254.2,37.4
95.4,34.4,28.9,1.47,2.5,300.2,20.0
45.5,10.0,31.0,2.44,0.66,220.7,27.9
24.0,13.9,83.0,3.24,0.0,197.9,92.2
29.5,29.3,55.2,1.53,1.72,235.0,50.6
47.5,34.8,72.9,5.04,2.25,294.9,48.5
41.9,16.2,50.7,-1.15,0.0,148.2,70.9
103.0,26.6,31.4,-1.67,0.77,250.9,29.1
92.0,4.7,97.3,2.94,2.58,317.1,56.0
50.7,3.8,60.9,0.25,2.73,233.3,48.0
57.1,8.1,21.8,-2.75,1.37,167.1,24.9
43.1,20.3,46.5,-0.63,0.0,157.3,61.7
32.3,20.7,39.6,0.51,0.0,163.6,51.3
108.4,4.2,29.3,-1.29,2.86,288.0,18.4
88.5,-4.0,94.0,-2.03,4.5,258.2,55.2
101.3,18.5,89.3,-0.42,0.0,258.5,78.5
94.4,-4.2,27.9,-2.13,4.28,263.2,15.9
48.2,16.0,41.7,1.27,0.0,191.9,45.2
106.3,21.2,78.6,-3.89,0.0,217.7,79.5
67.4,21.5,28.8,0.18,0.0,202.7,31.4
75.2,23.9,63.2,1.04,0.0,228.5,59.6
26.3,29.3,73.0,-0.18,1.57,208.1,74.0
100.3,12.5,68.9,2.19,0.0,295.3,45.5
88.6,22.9,73.6,-2.74,0.0,196.9,83.3
96.5,17.9,73.6,-1.4,0.0,233.2,69.6
44.7,-1.6,96.8,-0.66,3.86,245.1,62.9
102.1,-8.8,41.2,1.43,4.5,331.9,17.2
97.5,2.8,89.1,0.44,2.66,290.3,53.5
94.5,9.9,12.0,4.29,1.23,327.4,7.6
95.2,17.8,35.9,-1.61,0.0,227.4,32.9
99.9,28.2,14.4,-2.79,1.28,232.7,13.0
31.0,-1.2,68.6,3.58,4.09,340.5,32.1
76.3,-4.4,19.1,-2.86,4.5,230.9,12.7
55.3,33.4,86.1,1.37,2.33,244.6,74.5
107.0,-5.1,68.2,-1.96,4.5,290.4,35.5
28.0,11.5,12.6,-4.14,0.73,116.4,21.5
40.3,16.4,74.3,-0.75,0.0,152.5,109.5
92.6,14.4,87.6,1.8,0.0,273.2,67.3
105.8,-6.1,69.5,-2.44,4.5,280.8,37.7
73.4,-7.4,12.7,1.15,4.5,288.4,6.9
90.0,-5.3,87.2,1.53,4.5,313.7,40.5
77.4,16.4,75.9,-2.54,0.0,178.7,92.3
36.5,14.5,44.1,-0.46,0.0,153.1,61.2
48.0,0.5,39.6,3.15,3.31,288.9,24.5
38.1,18.7,53.2,1.3,0.0,180.9,62.7
50.6,26.9,88.0,-0.52,0.91,185.9,102.6
44.0,-8.1,32.7,0.83,4.5,282.5,16.4
101.2,12.4,19.1,-1.37,0.0,244.0,16.1
99.5,21.0,87.8,2.23,0.0,294.3,65.6
32.1,1.4,12.4,2.23,3.28,291.2,7.3
53.3,3.8,92.0,0.24,2.68,233.2,71.6
89.3,17.6,37.5,0.46,0.0,246.3,33.0
45.4,30.4,55.7,-2.0,1.99,183.3,64.1
38.3,26.4,21.9,-2.7,1.41,157.9,29.6
73.2,16.2,91.2,-0.75,0.0,198.3,100.5
98.9,22.9,77.5,-0.17,0.0,256.9,65.9
40.4,6.4,93.2,2.13,1.75,239.1,75.7
95.6,18.8,71.5,1.84,0.0,280.1,57.9
56.1,11.0,26.6,0.37,0.76,202.1,26.2
69.3,-1.5,37.7,2.38,4.15,298.6,20.6
65.5,21.6,53.8,-1.89,0.0,168.6,68.2
45.8,15.0,64.7,2.15,0.0,202.2,66.5
95.1,6.1,93.4,-1.58,1.95,248.1,71.3
46.4,31.0,44.6,2.48,1.82,247.1,39.5
95.2,-9.1,73.3,-0.03,4.5,298.4,32.7
47.2,4.2,96.5,-4.0,1.99,153.7,111.9
41.5,-7.4,23.7,1.46,4.5,295.4,11.3
42.9,24.5,87.6,1.62,0.59,204.6,87.9
31.1,21.6,47.9,-0.91,0.0,141.2,72.8
111.8,4.9,75.9,-0.74,1.67,292.7,45.7
28.1,20.4,36.4,-0.32,0.0,147.6,53.3
118.4,7.8,40.1,-3.85,1.39,259.2,29.9
88.4,24.0,12.4,-4.73,0.42,171.5,15.8
111.8,10.4,97.4,2.6,0.91,336.1,58.8
37.8,8.6,83.2,-1.65,1.59,178.6,94.7
98.5,32.1,18.5,3.71,2.27,337.4,11.4
54.9,1.3,100.0,2.74,2.88,274.9,60.7
51.8,-4.6,64.5,3.13,4.5,311.2,32.1
38.3,16.3,86.8,-1.3,0.0,142.1,130.8
28.9,33.6,16.0,-3.22,2.49,190.9,18.3
15.5,7.0,45.1,-2.17,2.19,252.8,34.3
111.7,-7.2,70.3,-0.89,4.5,315.6,33.8
56.1,5.3,19.6,-4.75,1.72,142.5,25.2
28.5,12.8,54.0,-0.95,0.0,138.5,77.4
105.0,-2.7,49.8,-0.4,4.27,307.7,25.8
30.6,19.6,29.4,-2.59,0.0,115.6,54.6
43.3,34.9,37.0,-2.08,2.37,190.5,41.4
50.5,10.3,97.0,-0.44,0.56,180.1,109.9
93.6,6.0,36.0,0.71,1.76,277.8,23.7
44.0,8.0,29.2,-1.78,1.77,181.3,30.1
37.0,-4.8,58.3,0.58,4.5,290.7,30.1
50.5,29.7,70.4,0.27,1.43,208.0,67.6
97.0,8.7,75.3,0.09,1.03,267.4,54.9
86.5,7.4,77.9,-1.3,1.42,230.8,63.5
89.5,19.7,13.3,-2.67,0.0,199.9,14.7
49.9,9.9,45.4,3.39,0.9,243.7,34.8
33.7,19.2,79.7,1.26,0.0,176.1,97.3
41.0,-7.2,91.4,2.01,4.5,304.5,45.1
41.1,26.6,64.2,-0.17,0.72,179.6,78.4
43.0,32.3,14.7,-0.33,2.5,219.9,14.6
72.3,19.2,45.7,0.98,0.0,222.7,44.6
46.5,33.0,16.7,-3.67,2.32,165.5,20.3
83.2,-3.2,77.4,-2.23,4.5,248.2,49.0
35.5,11.5,15.7,-1.6,0.5,149.0,21.7
87.0,17.1,26.7,-0.91,0.0,221.2,25.1
38.0,16.2,47.5,-1.76,0.0,135.0,75.4
18.2,8.1,51.6,0.67,1.37,231.0,39.3
31.5,5.2,46.6,0.16,2.68,242.7,34.9
23.8,-4.3,51.7,2.79,4.5,350.0,22.3
46.6,7.6,74.2,4.95,1.89,285.6,51.8
42.0,-2.7,43.2,-2.53,3.9,220.5,30.4
91.8,23.0,59.3,0.29,0.0,249.0,50.8
100.2,-0.6,37.3,0.29,3.49,301.5,20.3
25.3,-7.4,41.8,-0.03,4.5,327.9,17.9
113.0,14.9,65.2,-2.17,0.0,259.3,55.1
86.5,16.8,54.1,-1.83,0.0,206.3,53.1
95.5,29.2,75.1,0.48,1.33,273.2,61.1
88.0,16.0,60.4,-1.89,0.0,208.5,62.3
24.9,5.5,82.3,0.32,2.35,249.4,63.3
31.1,26.1,49.9,-0.49,0.69,169.8,58.0
47.4,14.3,54.2,0.28,0.0,176.1,60.7
54.9,-6.4,70.3,-1.91,4.5,234.8,43.3
45.1,15.5,29.9,0.31,0.0,173.8,37.6
88.1,30.9,44.7,-1.76,1.93,232.6,40.5
84.9,7.8,66.2,0.32,1.36,251.7,51.4
95.4,3.3,12.6,2.68,2.56,318.9,7.2
106.6,-3.5,49.3,0.52,4.29,324.8,24.0
111.1,-3.2,63.9,0.64,3.83,331.4,30.2
103.0,9.5,97.1,1.63,0.93,302.0,63.6
42.2,16.8,88.9,-2.81,0.0,123.7,151.7
46.0,-6.4,35.3,3.44,4.5,319.5,16.1
62.1,32.3,55.6,-2.11,2.24,196.1,58.5
84.7,24.0,15.1,1.76,0.0,256.9,12.3
47.8,16.4,31.7,1.49,0.0,194.7,35.5
81.7,27.3,79.7,-1.8,1.22,212.4,79.6
51.1,-6.4,21.1,2.02,4.5,294.7,10.2
52.0,11.5,33.2,1.0,0.66,205.2,33.4
103.2,18.4,95.0,3.78,0.0,325.8,63.4
57.6,27.3,84.1,0.39,0.97,207.8,86.5
29.0,25.3,80.4,-0.22,0.71,174.4,98.6
25.4,2.5,87.8,-1.03,2.49,233.1,66.6
41.9,32.3,77.5,-3.49,2.09,163.0,103.9
105.4,-4.4,20.9,-0.64,4.5,307.1,10.4
56.8,29.4,56.5,-0.55,1.29,198.4,59.0
119.8,33.7,50.0,0.52,2.15,334.6,31.3
36.8,-2.0,38.0,-2.85,3.84,221.8,27.1
97.0,22.5,85.1,-0.48,0.0,248.3,71.3
41.1,-8.2,51.8,1.15,4.5,291.3,25.3
93.0,8.2,15.4,1.35,1.68,285.2,10.6
83.7,13.2,34.7,-3.72,0.0,172.7,43.0
48.7,16.1,30.6,1.41,0.0,194.6,32.8
105.1,32.1,89.9,-0.49,2.11,285.9,67.2
92.6,20.3,68.3,-0.37,0.0,240.6,61.0
47.4,11.7,60.4,-4.73,0.84,118.5,105.1
34.7,26.4,55.6,2.99,0.93,229.6,52.3
103.5,32.8,68.5,0.35,2.27,296.8,48.9
80.4,-9.0,77.9,-3.06,4.5,232.3,46.0
40.9,34.2,59.9,0.75,2.5,236.8,55.0
53.6,-6.1,94.4,0.69,4.5,274.0,49.3
106.1,26.6,97.9,2.45,1.23,323.9,64.7
105.3,2.6,99.6,-0.62,2.86,291.6,61.7
108.2,-4.1,70.2,0.02,3.97,317.5,33.2
31.7,9.8,93.9,-1.29,0.63,156.1,116.6
87.2,19.0,46.4,1.2,0.0,253.1,40.3
40.1,7.1,87.4,-1.57,2.1,192.4,82.4
35.4,-7.5,91.8,-1.79,4.5,259.2,51.4
79.8,17.0,91.4,-0.14,0.0,219.1,88.3
100.3,30.6,84.8,-2.45,1.57,241.4,76.2
54.1,7.2,46.6,3.2,2.07,266.6,32.0
37.3,-0.3,24.3,3.85,3.16,303.3,13.8
98.0,9.9,40.1,-0.91,1.22,256.3,29.9
43.2,-7.8,79.1,-2.77,4.5,229.4,49.8
91.3,26.9,31.0,0.67,1.11,265.7,24.2
110.9,27.2,53.0,-0.96,1.19,283.1,42.5
60.7,16.5,60.9,2.35,0.0,224.9,58.1
90.9,5.9,64.3,-1.57,1.98,240.8,52.5
87.1,26.0,94.2,1.09,0.74,259.8,76.1
94.3,15.0,69.5,0.23,0.0,253.0,58.3
85.2,27.2,80.8,-1.35,1.06,223.5,80.5
105.3,18.4,62.4,0.48,0.0,280.9,45.7
53.1,25.3,85.0,1.76,0.6,216.7,82.6
26.4,16.9,33.7,0.17,0.0,153.7,47.9
101.1,8.6,28.9,0.19,1.9,286.0,19.0
52.3,33.1,93.4,-1.75,2.5,199.6,100.6
21.8,14.4,72.4,2.29,0.0,182.2,85.1
101.6,17.2,70.4,2.09,0.0,296.8,48.7
86.1,-0.1,52.1,-0.82,3.14,257.3,34.6
56.1,18.2,43.9,-0.25,0.0,179.4,50.6
101.5,15.7,60.0,2.83,0.0,307.7,42.9
99.6,-1.7,20.9,-2.27,4.1,268.2,12.6
18.6,-7.3,50.9,1.21,4.5,350.0,20.5
107.0,17.2,51.0,-1.12,0.0,260.8,40.6
55.3,24.4,58.5,3.56,0.49,244.3,51.9
35.4,13.6,67.1,0.13,0.0,160.7,85.6
23.9,0.2,96.2,2.52,4.46,350.0,47.6
43.8,20.0,68.7,-1.52,0.0,144.7,105.9
34.7,-6.4,89.5,-2.5,4.5,250.2,54.8
96.9,9.9,60.1,-0.47,0.84,256.9,46.8
102.9,-2.6,66.4,0.53,4.41,319.1,32.5
97.1,-1.7,16.3,-1.02,3.86,280.1,9.3
82.9,-0.9,22.0,1.52,3.59,293.0,12.2
44.0,7.4,62.2,-0.42,1.94,205.5,58.1
40.1,-7.7,45.6,-4.16,4.5,213.4,30.7
100.8,7.9,81.9,1.11,1.26,292.8,55.7
44.3,13.0,58.9,-1.77,0.0,141.7,86.8
54.3,11.7,89.4,-0.72,0.78,184.2,95.1
101.6,7.2,97.5,3.11,1.81,329.7,55.5
45.2,27.8,23.3,3.55,1.24,249.9,21.0
109.6,-3.5,45.5,-1.15,4.27,305.4,22.1
27.5,12.8,69.8,1.16,0.0,169.3,87.6
66.7,-7.2,37.5,-1.1,4.5,249.7,21.3
36.3,-6.8,34.0,-0.57,4.5,274.9,17.4
100.9,15.8,83.2,-1.21,0.0,245.7,73.7
51.2,15.5,98.2,-3.45,0.0,124.8,177.1
40.3,29.5,79.6,0.19,1.45,202.6,85.4
98.0,15.1,57.1,0.58,0.0,266.2,45.8
88.6,33.2,49.8,-1.34,2.14,242.1,41.8
25.0,-7.8,58.6,2.18,4.5,350.0,23.6
38.0,-5.6,51.7,-0.87,4.5,266.7,27.6
34.6,-8.0,55.3,-1.27,4.5,268.8,28.7
112.2,-1.7,28.3,1.05,3.53,337.2,13.5
109.9,14.4,91.3,-3.09,0.0,238.1,75.9
55.5,19.1,77.9,1.81,0.0,209.5,83.3
92.8,-7.9,71.3,-0.8,4.5,282.9,34.2
53.7,32.6,95.5,1.98,1.85,244.0,82.6
57.2,27.9,35.6,2.58,1.4,247.7,31.4
37.9,3.3,17.3,1.28,2.51,246.7,12.9
34.4,-6.5,84.4,-1.62,4.5,264.4,45.3
32.7,-2.4,99.9,-2.5,3.73,232.9,63.1
49.7,-4.3,62.1,-2.87,4.5,222.1,44.1
77.1,-4.5,15.3,2.21,4.5,307.8,7.3
41.1,13.3,80.2,-0.27,0.0,160.5,105.9
92.5,1.1,16.6,-1.2,3.16,262.2,10.9
46.9,6.1,58.6,-0.26,1.86,206.8,47.7
31.9,34.5,35.0,2.16,2.5,266.3,26.3
33.8,20.8,92.4,1.56,0.0,180.7,108.4
50.2,32.7,50.6,0.88,2.08,229.8,43.1
54.5,-3.6,90.9,1.28,3.95,272.6,49.6
48.6,7.2,36.9,0.36,1.44,208.3,33.8
64.8,15.0,44.9,0.6,0.0,204.8,46.9
61.6,-6.5,95.2,0.44,4.5,270.6,51.7
117.6,-9.8,28.1,-0.0,4.5,341.4,11.3
102.2,20.2,62.1,1.51,0.0,289.4,43.8
26.3,18.9,45.0,0.72,0.0,161.8,57.4
37.4,8.5,79.7,-1.76,1.55,175.8,89.9
51.0,12.0,21.6,1.06,0.0,192.2,24.2
89.9,8.7,49.3,0.49,1.47,264.5,35.3
47.0,-8.9,72.9,1.22,4.5,285.4,35.5
56.0,5.1,46.6,-0.21,1.89,213.6,40.9
39.1,-2.0,15.3,1.62,4.02,289.7,8.5
92.1,-5.6,73.5,-0.12,4.5,292.1,37.1
51.9,33.1,55.3,1.45,2.03,238.3,48.2
89.9,17.0,11.0,-0.91,0.0,226.9,11.1
37.0,22.8,65.1,-0.77,0.0,148.8,94.4
109.1,4.2,92.8,1.2,2.12,320.2,52.8
94.3,7.7,20.0,-0.66,1.69,257.7,15.0
27.6,0.7,63.2,4.41,3.62,349.1,29.8
92.1,-5.6,75.6,1.13,4.5,311.0,36.1
37.6,-1.9,16.4,0.05,4.48,280.8,9.3
113.7,25.9,12.0,1.64,0.81,325.4,7.9
96.3,20.5,51.8,-0.96,0.0,239.4,46.9
43.7,14.6,81.2,1.85,0.0,195.2,86.5
96.2,11.4,24.5,1.79,0.72,287.9,16.7
50.0,31.5,85.3,2.51,1.8,248.7,74.3
13.7,-6.7,69.1,-0.88,4.5,350.0,28.2
26.2,2.6,39.9,-2.45,2.52,210.2,32.9
108.2,5.7,56.4,-1.22,2.37,284.1,34.6
48.9,25.2,96.9,-0.56,0.6,177.4,120.9
47.9,34.7,29.5,3.33,2.28,270.0,23.3
108.7,0.8,55.0,4.39,3.33,350.0,27.1
37.4,29.3,66.2,0.69,1.51,211.5,68.1
38.1,27.4,22.4,0.02,1.12,191.2,24.1
33.3,0.1,13.9,-0.7,3.68,256.8,9.1
51.2,8.0,11.2,1.65,0.71,215.2,9.8
31.0,8.4,39.2,4.38,1.46,267.7,27.6
52.2,34.0,16.7,3.57,2.5,279.3,12.8
88.8,-1.9,82.3,2.28,3.81,315.5,44.0
102.0,26.0,99.8,2.25,0.76,307.4,72.9
34.1,5.0,15.5,1.66,1.82,236.0,12.3
25.7,22.9,48.9,-0.09,0.0,149.2,70.5
34.2,8.9,12.3,-1.47,1.26,172.3,13.9
99.0,16.0,22.1,-0.04,0.0,259.1,17.8
13.6,27.5,39.1,0.84,1.03,231.7,36.0
39.6,26.2,45.4,-2.91,0.53,132.7,75.6
113.7,29.0,94.6,-0.31,1.62,303.1,70.7
48.8,-7.3,45.6,-1.65,4.5,240.9,26.4
36.0,21.1,54.7,2.03,0.0,189.8,58.2
87.7,-3.7,32.1,-1.1,4.5,271.0,18.0
102.1,8.7,10.0,0.66,1.39,290.0,6.9
43.8,14.7,90.9,-1.4,0.0,146.6,141.0
85.2,8.1,17.4,3.2,1.26,294.0,11.8
53.6,13.4,96.8,-3.4,0.0,128.7,163.9
99.6,34.8,21.8,0.95,2.5,300.4,14.8
36.1,-3.9,64.4,-2.55,4.25,238.9,40.5
102.8,20.4,99.9,-1.02,0.0,252.8,81.6
90.7,7.8,22.5,0.41,1.83,268.7,15.7
91.2,-4.0,48.2,0.51,4.2,297.0,25.6
103.1,-2.9,80.2,0.46,4.4,318.3,41.6
50.9,32.7,12.9,0.3,2.15,222.9,12.4
50.0,29.6,72.1,-1.28,1.25,180.8,85.1
45.5,30.8,17.2,-0.33,1.52,198.0,18.0
104.3,34.6,31.3,0.06,2.41,295.6,22.2
97.6,-0.6,24.4,0.39,3.74,300.8,13.4
30.6,6.0,91.7,-0.13,2.06,219.7,74.2
74.8,20.1,26.2,1.46,0.0,234.2,24.8
98.2,11.8,13.6,0.19,0.5,265.8,10.4
101.5,8.8,62.9,0.4,1.19,283.0,44.5
81.5,6.1,41.2,-0.77,1.54,231.7,33.1
47.5,16.7,46.5,-2.1,0.0,140.3,71.9
51.3,15.9,20.7,0.31,0.0,181.2,24.1
41.1,-2.7,77.3,2.41,4.01,298.4,40.5
70.5,11.2,64.1,0.89,0.97,232.0,57.2
108.7,14.9,42.8,-1.63,0.0,257.1,35.6
91.1,15.7,25.4,1.63,0.0,267.4,19.8
78.8,-0.5,63.4,-0.67,4.01,260.2,40.3
89.7,23.4,80.1,1.43,0.0,261.7,66.5
38.1,-8.9,38.1,-0.74,4.5,268.6,20.4
25.1,6.0,12.3,0.71,1.84,233.9,10.1
35.4,25.1,29.3,-1.04,0.81,166.3,37.8
40.8,15.4,71.4,-0.99,0.0,149.5,101.0
56.7,1.8,99.0,-3.13,3.54,199.3,85.0
68.4,21.3,11.2,1.02,0.0,216.9,10.9
58.0,15.5,37.6,0.74,0.0,196.9,41.6
32.7,25.8,15.6,0.85,0.82,194.3,17.8
92.9,23.1,38.5,0.55,0.0,255.0,33.6
40.1,17.5,46.5,-1.52,0.0,140.6,70.3
63.4,12.0,92.9,1.93,0.5,230.5,81.4
40.0,-4.0,17.3,1.99,4.16,297.2,8.8
84.7,1.8,79.9,-1.58,3.27,245.4,52.9
36.0,8.9,45.6,1.06,1.42,214.9,39.9
51.1,17.0,83.0,1.75,0.0,202.6,88.0
93.1,13.1,56.2,-0.94,0.0,233.1,50.9
108.7,3.0,13.5,-0.59,2.6,296.6,8.2
92.4,-9.7,95.2,1.07,4.5,310.4,40.5
14.7,12.3,17.4,-3.02,0.0,98.6,36.0
43.2,2.9,63.8,-2.18,2.92,201.8,55.1
52.3,23.1,89.0,-1.98,0.0,148.3,127.5
95.8,-8.9,17.2,-3.59,4.5,246.0,9.8
32.0,16.3,59.9,2.17,0.0,188.2,65.7
19.6,32.4,84.2,-3.98,1.77,177.4,97.4
61.1,-2.2,98.8,0.69,4.18,268.8,58.1
33.4,11.2,75.2,1.62,0.54,197.5,74.1
44.9,-5.9,35.1,-0.59,4.5,260.3,18.7
84.6,18.2,73.0,-1.34,0.0,210.1,71.3
89.5,14.8,73.5,0.47,0.0,246.8,63.4
40.2,8.3,73.0,0.0,1.42,199.1,72.3
35.5,13.5,86.9,2.01,0.0,189.0,98.4
97.2,30.3,17.9,-5.26,1.75,195.0,20.6
57.4,-1.2,19.8,-1.84,3.65,220.9,14.6
40.0,-9.0,67.7,1.12,4.5,292.8,32.0
30.5,28.8,95.8,0.1,1.19,194.8,105.0
91.7,16.0,51.9,1.5,0.0,266.9,41.6
94.4,30.1,96.5,0.52,1.51,273.7,80.5
96.9,16.9,94.4,-0.27,0.0,251.1,81.5
38.2,26.5,91.3,-0.6,1.09,180.9,109.6
34.7,9.3,91.9,4.65,1.14,260.6,67.0
92.6,23.7,90.8,3.07,0.0,292.1,67.7
43.0,31.1,83.8,0.99,1.97,227.4,80.4
109.2,15.7,72.5,0.16,0.0,285.1,56.5
103.5,-1.9,12.2,1.08,3.53,320.0,6.2
58.2,2.1,21.9,1.65,2.79,258.7,14.6
111.5,-1.1,22.1,0.84,3.78,334.9,10.7
22.7,1.1,12.1,-1.5,2.82,250.1,8.2
93.7,3.8,20.5,3.57,2.37,327.2,11.2
32.7,15.0,92.8,0.49,0.0,163.7,126.5
39.0,16.5,69.7,4.03,0.0,222.8,69.5
120.0,9.2,38.1,0.37,1.92,330.8,23.1
79.3,17.7,81.4,-0.49,0.0,212.9,87.2
44.8,-6.3,54.0,2.77,4.5,310.7,23.4
80.9,-6.0,22.8,0.6,4.5,287.8,11.5
45.5,-2.3,89.6,0.27,3.82,257.4,55.4
34.2,13.3,40.5,-2.4,0.0,121.7,68.3
34.4,-0.4,72.9,1.32,3.56,281.0,41.7
24.7,2.7,36.2,-0.99,2.57,238.9,25.2
31.8,8.0,55.0,-0.9,1.42,186.9,56.1
65.5,26.5,83.5,-0.98,1.13,199.4,92.4
32.5,-9.4,24.1,0.88,4.5,307.8,10.9
27.7,19.2,98.0,-3.07,0.0,106.0,194.2
45.8,20.1,16.3,-0.42,0.0,163.6,21.6
96.8,25.9,58.1,1.96,0.78,292.5,44.4
39.7,32.0,92.4,-2.49,2.17,180.4,104.1
102.7,-9.1,95.1,0.35,4.5,316.8,41.0
107.3,-3.1,30.9,-1.26,4.29,299.5,16.3
86.9,29.9,23.0,-0.81,1.46,239.3,20.6
91.9,10.6,75.2,3.31,0.54,300.2,51.6
104.0,15.4,13.8,-3.3,0.0,221.3,12.8
52.5,19.8,53.7,1.53,0.0,201.2,55.6
38.3,20.6,81.7,-0.96,0.0,147.3,121.6
97.3,31.9,60.4,-1.06,1.93,260.0,47.0
100.0,34.9,26.9,-2.22,2.5,253.5,22.8
87.8,22.4,53.8,1.51,0.0,259.0,45.3
68.2,2.9,92.9,-0.38,3.02,239.8,69.7
87.4,29.6,65.5,-0.64,1.52,243.5,57.1
40.1,-7.8,74.9,0.22,4.5,279.1,38.6
45.1,0.4,40.3,-0.34,2.93,229.0,28.5
38.5,30.4,27.0,-4.0,1.42,138.7,41.2
92.3,1.5,33.0,-0.98,3.12,264.6,21.4
85.9,-0.1,58.0,1.79,4.09,307.2,30.6
60.3,-3.8,35.2,-3.01,3.9,208.5,26.3
103.7,28.7,58.8,-2.18,1.29,249.8,48.8
59.7,12.5,73.7,-0.85,0.0,175.4,87.6
29.4,20.4,76.1,-1.45,0.0,131.7,130.7
45.8,0.8,24.8,-0.06,2.91,232.6,17.4
43.9,24.1,77.5,-2.19,0.71,151.1,110.3
46.2,24.2,70.5,-0.78,0.3,165.2,87.3
58.5,4.1,11.1,-0.1,2.71,231.3,8.4
75.2,8.5,15.3,1.3,1.19,248.3,12.2
93.0,-0.6,68.2,2.49,3.82,325.4,34.1
48.4,33.9,44.5,-0.52,2.12,209.0,45.9
20.7,19.1,23.1,3.78,0.0,203.8,24.7
39.2,32.1,14.0,-0.37,1.76,202.0,14.7
40.4,3.7,24.3,1.66,2.34,246.5,17.1
31.0,25.2,96.2,3.86,1.17,250.5,84.2
54.7,24.5,75.5,0.28,0.59,196.0,83.5
107.2,21.1,57.5,-2.75,0.0,236.9,49.8
88.2,33.5,94.7,0.18,2.24,265.4,73.2
45.5,7.7,65.7,-1.22,1.62,186.7,61.8
58.2,-4.1,75.3,-0.55,4.5,255.1,43.4
41.9,20.2,35.4,3.97,0.0,225.0,33.5
95.7,22.8,63.0,-2.45,0.0,215.9,60.8
50.4,15.9,22.9,0.6,0.0,184.5,26.0
43.5,-0.7,46.4,-1.76,3.31,217.1,36.6
98.8,12.7,13.0,-0.62,0.0,250.1,11.1
24.8,4.0,29.5,1.49,2.79,285.0,18.2
43.3,9.2,16.7,0.64,1.39,208.8,16.1
35.5,19.0,44.9,-0.45,0.0,152.1,65.8
53.0,23.5,85.9,-1.3,0.0,159.4,118.0
51.0,0.5,44.0,0.63,2.94,243.4,30.7
39.8,8.2,84.8,3.42,1.61,254.8,66.4
28.1,2.1,69.1,-1.8,2.99,231.9,52.9
48.1,-1.1,55.9,3.82,3.79,308.8,28.4
98.2,25.3,31.3,2.4,0.66,300.7,22.3
32.9,30.9,93.0,2.74,1.83,253.1,77.3
30.2,6.7,14.9,0.62,1.94,227.4,12.7
89.8,23.8,72.0,2.34,0.0,275.5,55.2
107.9,30.4,65.9,-2.02,1.54,263.9,52.4
97.6,28.1,49.7,-1.34,1.11,248.1,44.4
36.7,-1.8,31.6,1.53,3.84,287.7,17.8
23.7,33.0,48.8,0.59,2.18,249.8,44.0
106.1,7.0,88.5,-0.3,1.78,288.0,56.6
99.6,5.3,85.3,-5.01,2.26,208.5,74.0
43.4,-7.2,94.7,-0.87,4.5,257.7,54.5
105.9,11.9,37.7,-2.35,0.5,244.5,30.4
52.1,-5.1,44.8,0.99,4.5,278.9,25.1
84.7,1.2,11.7,-0.38,2.86,258.4,7.4
93.2,4.3,94.9,-1.26,2.66,257.1,67.8
95.7,26.4,39.6,5.29,0.73,339.6,23.7
102.0,29.4,46.4,2.08,1.4,311.1,32.1
101.4,3.6,91.7,2.11,2.62,322.4,48.6
40.9,28.6,57.4,4.4,1.4,264.7,49.3
42.0,28.6,61.0,1.6,1.12,216.2,58.7
35.7,24.4,25.9,-1.54,1.0,164.1,33.0
30.6,-3.4,54.9,-1.78,3.97,257.4,33.7
112.0,21.1,92.6,1.93,0.0,318.3,61.4
32.7,32.5,60.3,-4.12,2.26,163.5,79.9
49.8,20.7,33.0,-0.16,0.0,172.5,40.2
94.5,4.9,12.8,-4.34,2.43,210.7,10.8
105.0,12.5,40.3,0.2,0.0,276.1,30.2
51.0,19.1,61.5,1.71,0.0,201.9,63.1
42.2,13.0,13.8,0.56,0.0,174.2,16.8
42.0,-4.6,64.9,1.88,4.37,297.7,34.0
103.1,4.0,57.1,3.93,2.81,350.0,29.8
45.2,26.1,80.5,-0.29,0.57,177.5,99.4
105.3,28.8,12.6,5.62,0.86,350.0,7.3
33.6,-3.8,80.3,0.43,4.24,289.9,42.1
23.6,32.9,56.9,1.9,2.03,263.7,45.4
103.4,4.8,43.3,-1.22,1.85,268.9,30.6
45.9,19.8,96.9,3.24,0.0,218.6,93.6
28.6,23.8,24.4,2.08,0.0,184.0,26.6
33.2,26.5,58.7,2.94,1.04,232.3,52.7
31.7,32.6,38.9,0.11,2.21,226.8,35.7
33.3,4.1,57.5,-2.51,2.94,207.4,46.6
38.1,28.6,59.7,0.92,1.3,209.5,63.1
38.8,-4.1,18.1,-3.39,4.5,227.2,11.6
34.2,21.7,69.5,-0.67,0.0,147.6,102.6
83.1,23.4,67.1,0.38,0.0,233.0,59.9
95.4,20.5,79.3,4.75,0.0,323.4,55.1
44.0,1.4,18.2,0.64,3.42,255.1,12.1
114.7,29.3,36.8,0.28,1.34,311.8,25.0
55.9,-2.4,68.5,-0.13,3.84,249.7,44.3
48.1,-7.6,22.3,-2.68,4.5,225.9,13.6
22.9,22.3,71.0,0.17,0.0,151.2,102.7
48.3,11.4,15.3,0.21,1.15,199.8,15.4
49.3,28.2,40.1,-1.94,1.06,166.6,50.9
36.8,7.3,86.2,-2.37,1.68,170.3,95.9
100.9,-2.4,79.7,-0.96,4.25,291.5,42.0
98.9,27.6,68.0,0.13,1.05,272.1,53.5
41.9,14.7,88.3,-0.92,0.0,151.7,125.9
100.2,-1.5,73.8,-2.1,4.07,271.4,41.0
83.4,22.4,56.7,0.58,0.0,236.6,53.3
111.6,13.0,98.2,1.08,0.0,304.6,68.9
39.2,17.2,72.5,0.24,0.0,166.2,88.6
37.0,10.7,64.1,-1.13,0.71,162.8,74.5
41.0,27.3,46.8,1.19,0.86,203.2,50.8
28.8,27.3,91.2,-0.38,0.99,181.5,110.5
99.0,21.9,36.6,-2.38,0.0,224.0,35.8
48.4,-5.3,10.8,2.07,4.5,297.1,5.2
37.8,27.7,27.7,0.71,1.42,209.2,30.0
81.2,20.2,19.9,-0.24,0.0,220.2,19.0
78.9,21.4,38.7,-3.14,0.0,172.4,48.6
29.2,6.3,84.3,-1.49,2.39,213.0,74.6
89.7,29.6,68.6,4.04,1.36,315.9,48.9
45.8,22.6,25.2,-3.02,0.0,124.7,43.6
22.1,-4.9,81.0,-0.5,4.5,344.2,35.9
51.1,8.4,55.4,-0.03,1.7,209.1,51.1
87.2,29.9,56.1,0.64,1.7,264.3,44.0
90.1,-7.9,42.6,-2.99,4.5,246.0,22.7
41.4,33.3,87.8,0.35,2.41,228.2,81.5
27.0,20.6,38.6,-3.37,0.0,101.0,78.8
28.3,18.4,18.5,0.19,0.0,155.5,25.8
46.2,2.2,37.2,-1.3,3.29,222.1,29.3
37.3,1.2,74.4,-1.73,2.74,208.3,61.1
40.8,32.4,69.2,1.67,1.86,235.0,60.6
97.1,3.4,26.9,-0.47,2.95,279.0,17.7
91.1,24.9,20.1,0.95,0.41,261.8,16.7
42.7,7.7,69.5,1.01,1.69,221.2,58.0
59.0,-3.7,70.9,2.54,4.4,299.9,38.8
45.2,-9.5,43.0,-2.42,4.5,232.4,25.0
22.7,14.5,85.9,1.84,0.0,176.0,99.9
105.1,33.9,98.0,0.03,2.5,297.5,67.9
106.0,6.6,28.5,-0.76,1.77,280.8,18.2
58.9,6.1,61.9,-2.3,1.74,182.0,66.0
32.1,5.5,10.5,1.21,2.07,238.3,8.4
98.3,13.4,74.2,-1.84,0.0,230.5,69.1
59.6,9.8,47.3,1.04,1.7,232.2,41.1
79.1,29.6,27.4,3.86,1.33,294.6,20.7
42.2,12.7,77.7,1.96,0.0,195.2,82.1
89.4,12.8,83.0,2.78,0.0,281.3,62.1
51.4,-3.8,20.0,-1.44,4.5,242.8,12.4
102.5,34.2,13.7,1.53,2.43,314.0,9.1
95.0,1.2,40.1,-2.29,2.93,247.6,28.0
40.5,-6.7,66.3,-0.47,4.5,268.0,32.6
82.4,19.8,81.4,3.48,0.0,278.3,61.7
94.6,16.8,59.1,-1.22,0.0,232.0,55.1
52.3,8.7,62.3,2.22,1.36,237.3,51.0
46.4,9.0,82.0,2.03,1.21,227.1,69.7
45.5,25.3,57.6,2.15,1.07,225.4,55.9
51.5,-1.2,65.0,-2.53,3.5,206.8,50.1
17.4,26.9,56.5,1.05,1.18,228.7,51.1
97.2,19.2,89.2,-0.31,0.0,251.2,79.1
44.6,8.9,31.2,2.18,1.42,233.0,26.9
86.9,10.6,33.8,-3.31,1.1,197.6,33.7
23.7,1.5,21.5,0.74,2.86,281.1,13.1
60.7,23.8,83.8,0.45,0.0,196.4,94.0
42.9,13.1,47.1,-3.98,0.0,106.9,92.1
47.9,4.4,41.3,-1.77,2.98,208.0,36.5
62.1,16.8,98.3,-3.66,0.0,136.8,156.7
48.7,34.8,93.4,-1.45,2.5,202.9,95.7
46.8,9.6,97.5,1.1,1.56,220.9,88.5
120.0,31.4,22.8,0.39,2.05,332.2,14.2
87.8,5.5,90.2,0.34,2.28,267.6,62.9
41.7,-7.5,39.6,-2.08,4.5,242.0,23.2
110.5,-0.8,11.1,2.24,3.82,350.0,5.2
109.9,8.8,45.2,-0.04,1.37,296.3,28.7
14.0,-0.1,55.8,0.07,3.68,350.0,26.6
95.0,-10.0,19.7,1.88,4.5,326.7,8.1
109.8,31.2,58.4,-1.98,1.82,271.2,44.9
38.0,28.0,83.8,0.46,1.4,205.0,83.6
44.6,23.4,44.0,0.85,0.0,181.2,49.6
24.8,-2.4,41.7,-1.09,4.06,297.2,22.1
65.2,-4.6,40.5,1.3,4.5,285.0,21.8
117.2,-7.0,93.1,0.95,4.5,350.0,40.5
40.2,22.6,14.4,-0.2,0.0,160.7,19.2
86.5,31.8,50.1,-0.26,1.55,247.9,40.9
93.0,9.4,33.8,1.05,1.07,274.1,24.1
98.1,-4.6,90.4,1.58,4.5,327.3,43.5
100.4,13.1,18.6,0.13,0.0,264.7,14.4
52.3,5.7,47.0,2.24,2.32,256.0,35.1
48.6,6.9,46.6,1.32,1.65,226.9,39.0
78.5,18.0,90.0,-3.58,0.0,165.1,119.4
24.6,22.3,29.4,-2.81,0.0,107.6,62.0
39.6,-5.0,68.0,2.36,4.5,312.1,31.0
99.7,-8.4,22.1,-0.49,4.5,298.9,10.6
109.2,34.7,95.9,0.33,2.5,310.7,64.6
45.7,0.5,63.4,2.28,3.34,277.0,37.4
93.9,-7.6,66.4,-0.01,4.5,296.5,31.7
96.9,-1.5,49.0,0.07,3.62,293.7,28.4
36.5,-8.2,40.8,-1.74,4.5,257.0,23.1
20.5,7.6,29.1,0.74,1.62,237.5,22.1
98.1,26.1,64.4,1.17,0.4,279.5,48.4
58.3,5.4,95.9,-1.16,2.2,206.6,87.8
25.6,10.0,42.4,-1.84,1.16,168.2,50.1
60.1,20.4,89.5,5.25,0.0,267.5,71.9
81.6,12.9,23.4,-0.19,0.0,221.8,20.9
43.9,28.8,94.3,-1.37,1.39,178.7,110.8
61.4,29.0,41.5,1.41,1.35,233.8,36.7
58.1,-9.6,44.2,-0.1,4.5,261.8,21.8
105.1,25.0,51.7,-2.17,0.87,249.0,42.9
47.7,10.7,74.6,0.97,0.5,197.1,74.1
104.5,34.5,74.8,-1.71,2.5,270.3,56.8
91.2,11.7,53.2,3.15,0.5,296.1,35.8
41.3,34.4,57.1,0.99,2.38,237.2,52.2
85.0,24.0,12.7,-0.55,0.0,222.7,11.9
100.7,1.2,37.4,0.22,3.52,301.6,22.0
85.5,14.2,41.1,1.81,0.0,259.1,33.3
34.4,34.6,60.3,0.37,2.45,234.6,54.7
106.9,28.6,60.2,4.24,1.39,350.0,37.5
108.3,-5.6,73.9,2.27,4.5,350.0,30.5
96.2,21.8,74.5,0.98,0.0,268.4,59.1
22.5,5.6,31.2,-1.87,1.98,208.1,27.2
83.1,-9.7,79.3,-0.29,4.5,277.0,39.2
43.6,8.2,11.8,0.96,1.28,211.0,10.7
38.3,0.6,74.5,-1.65,3.15,219.3,55.9
39.9,26.8,19.2,2.59,0.86,223.6,18.5
111.9,5.2,75.7,-1.95,1.94,277.3,50.5
46.3,27.2,57.4,-1.27,1.04,173.8,75.0
49.8,-10.0,49.4,-1.12,4.5,248.3,26.8
98.3,3.9,72.2,1.49,2.74,308.3,41.9
54.5,0.9,13.3,-1.61,3.66,223.9,10.2
93.1,0.5,30.1,-3.6,3.81,234.1,21.0
47.7,-6.9,65.5,2.18,4.5,299.1,29.9
43.9,-1.6,86.2,-0.89,4.0,245.5,56.2
108.1,15.0,44.3,-2.14,0.0,248.1,39.6
79.9,3.1,33.3,-1.51,2.55,230.6,26.4
31.3,8.8,56.7,3.43,1.64,259.0,40.3
101.6,7.0,66.0,-1.31,1.54,260.9,48.8
12.5,29.4,47.8,-0.25,1.75,279.2,34.4
40.3,30.7,88.9,-0.89,1.58,189.6,101.8
56.1,12.2,57.1,-2.47,0.0,146.0,81.5
40.9,4.9,13.2,-1.49,1.97,190.3,12.0
37.1,-5.2,30.1,-2.6,4.37,239.1,19.4
43.6,32.9,50.6,1.91,2.09,244.0,46.2
37.8,-7.3,72.8,0.2,4.5,283.3,36.7
42.4,3.4,29.8,4.97,2.93,309.5,17.2
33.8,3.4,97.9,-1.42,2.72,216.6,83.8
87.8,4.4,38.7,-1.72,2.03,233.9,28.9
85.3,-2.6,57.9,3.07,4.5,330.4,26.8
93.9,25.2,11.7,2.12,0.59,286.9,8.6
25.4,-4.5,89.6,0.77,4.5,339.3,40.2
79.6,18.6,81.0,-2.23,0.0,187.4,93.0
93.2,-4.4,27.6,3.49,4.5,348.0,11.9
48.1,-6.8,94.0,-0.14,4.5,264.1,51.0
29.9,30.9,38.4,-0.86,2.42,221.8,36.5
104.4,-1.4,72.3,2.29,3.37,338.2,34.1
107.2,27.0,83.7,-0.04,1.11,287.8,61.1
102.2,14.5,76.7,-2.33,0.0,231.8,69.0
98.3,-6.5,92.6,0.08,4.5,305.2,41.5
82.7,33.0,87.8,-1.56,2.43,232.5,79.4
96.5,1.1,99.5,-6.0,3.47,200.2,79.6
51.4,28.7,26.4,-1.76,1.49,179.3,32.4
38.8,-2.4,37.4,-1.06,3.86,245.8,23.8
101.9,28.4,67.3,-2.31,1.45,245.6,58.7
40.5,-9.4,76.0,1.15,4.5,292.3,35.0
84.7,13.0,58.1,-1.55,0.0,207.0,58.1
91.7,24.6,16.7,0.96,0.62,265.5,14.0
99.3,32.1,85.7,-2.47,2.09,244.3,71.6
106.6,30.9,96.5,1.82,1.49,318.0,61.8
24.6,26.9,46.5,-2.55,1.05,154.0,65.1
65.3,30.0,30.2,-4.68,1.57,150.4,42.6
30.7,-1.0,11.7,2.47,3.74,313.3,6.2
83.7,2.8,31.4,-1.71,2.42,231.8,24.3
111.1,3.0,73.0,3.51,2.64,350.0,35.5
86.2,7.0,92.0,1.13,2.03,273.8,64.7
41.4,7.7,18.4,1.58,1.79,232.0,14.7
50.3,14.5,59.8,2.09,0.0,206.7,61.9
112.0,-2.8,72.6,0.23,4.5,333.0,33.1
51.8,21.1,34.9,0.25,0.0,181.0,41.6
38.3,-2.5,61.3,2.56,4.42,315.4,30.8
95.4,4.0,74.4,0.22,2.63,282.9,45.6
93.5,12.7,85.4,-1.46,0.0,226.1,75.1
20.9,25.8,50.7,1.17,0.88,206.8,53.9
72.4,23.3,77.3,-4.23,0.0,144.7,113.3
24.5,19.0,37.2,2.64,0.0,189.3,43.5
108.1,-3.0,29.2,2.68,4.35,350.0,12.9
37.1,14.6,26.9,2.4,0.0,196.4,30.4
39.8,-6.1,42.3,2.32,4.5,311.1,19.4
110.8,7.0,13.2,-0.17,1.57,298.3,8.8
34.4,8.6,35.5,-0.21,1.04,184.9,37.5
93.8,-8.2,68.7,-2.46,4.5,259.7,37.5
86.8,2.3,68.3,3.5,2.82,319.4,36.1
115.2,33.0,16.6,-0.97,2.19,301.7,11.9
100.3,32.9,35.9,0.68,2.34,295.9,26.3
56.3,5.9,61.3,0.51,1.84,223.6,50.3
83.3,-8.1,38.7,-2.68,4.5,241.5,21.1
45.7,-1.9,47.6,-3.49,4.05,206.0,35.8
41.8,7.6,74.2,0.01,1.68,205.7,66.6
113.5,32.7,10.8,-0.91,2.32,300.0,7.8
32.4,-3.6,34.9,-0.18,4.5,292.1,18.2
109.2,24.4,22.8,2.13,0.3,317.6,15.2
36.9,-5.1,21.5,0.45,4.5,289.0,11.0
96.2,34.2,96.3,1.52,2.34,300.8,70.4
93.2,7.2,43.9,0.89,1.7,279.1,29.9
27.8,24.9,57.4,-0.63,0.3,153.5,80.9
102.1,5.4,76.0,-2.0,2.45,260.4,52.8
86.0,18.2,14.3,0.53,0.0,240.8,12.7
37.2,-1.4,31.7,0.17,3.99,270.4,18.5
47.1,-3.4,84.9,1.83,4.5,294.5,45.3
95.0,32.2,87.6,-0.3,2.09,268.6,66.9
49.0,31.3,43.6,-0.59,1.8,201.6,47.2
38.8,29.9,43.7,-0.46,1.86,203.2,45.3
89.3,18.1,78.1,-1.84,0.0,211.8,81.6
58.3,26.4,36.6,2.89,0.92,245.3,33.9
102.3,-6.9,20.5,2.28,4.5,345.1,8.6
109.9,5.1,33.2,-2.43,2.41,270.0,23.4
104.1,4.1,44.9,1.61,2.5,319.1,25.9
49.4,18.6,14.7,-3.69,0.0,118.9,25.4
42.2,6.0,53.1,1.97,2.02,243.3,40.7
44.3,-3.3,76.6,-1.39,4.19,241.8,50.1
81.7,16.8,56.2,0.72,0.0,235.5,52.3
43.4,26.6,16.5,-3.86,0.83,128.4,27.7
57.6,7.2,49.6,-2.4,1.55,176.1,53.8
49.8,-4.0,73.8,0.94,4.5,279.2,40.6
50.4,-1.1,15.2,-1.4,3.5,223.9,11.1
50.7,0.7,15.4,-1.68,3.81,225.9,11.1
82.9,3.5,43.4,2.79,2.58,299.9,25.5
45.8,18.9,27.5,4.42,0.0,236.2,24.0
29.0,17.0,94.1,1.87,0.0,181.2,110.0
57.2,21.3,62.3,-2.18,0.0,151.9,86.7
91.7,6.3,35.9,3.53,2.78,327.5,20.1
92.9,27.1,73.4,-3.12,1.2,212.8,71.8
55.7,-0.8,43.7,-0.61,3.5,236.1,30.6
87.3,11.1,21.9,0.11,0.8,246.2,17.8
46.8,26.0,31.4,3.85,0.74,244.7,27.2
106.4,-1.9,67.8,1.83,3.87,340.0,30.7
37.6,-5.1,14.7,-0.93,4.5,266.8,8.2
96.7,29.8,34.5,-1.89,1.45,241.4,31.8
97.9,5.4,28.7,2.0,2.46,312.4,17.5
98.2,20.8,28.1,-1.07,0.0,242.0,25.2
30.3,-8.9,71.4,0.43,4.5,309.3,31.6
53.7,21.1,84.3,-2.74,0.0,138.7,132.9
89.1,4.2,74.4,1.14,2.24,281.3,46.7
63.0,-7.5,68.1,0.98,4.5,279.1,34.5
87.7,17.4,92.5,-2.48,0.0,199.0,97.7
91.5,0.8,15.3,2.06,3.51,313.1,8.5
116.3,7.4,25.1,1.11,1.23,327.1,14.9
42.3,-6.4,47.3,1.48,4.5,294.5,23.4
87.4,-3.4,43.5,-0.76,4.38,274.5,26.0
114.0,3.4,47.6,0.36,2.37,320.4,26.7
94.6,-6.0,28.6,0.13,4.5,299.7,14.2
61.3,31.0,23.5,-0.3,1.88,216.7,23.3
61.1,-9.7,55.8,0.34,4.5,269.0,27.0
29.8,11.8,93.5,2.51,1.07,227.4,81.9
39.3,-4.5,45.3,2.15,4.5,309.5,22.2
96.9,3.8,13.9,-2.36,2.15,242.0,10.3
88.4,31.7,73.6,1.97,2.26,292.7,54.5
20.9,-2.7,36.2,2.38,4.42,350.0,16.0
93.9,33.5,32.1,-0.3,2.46,270.5,25.1
38.1,-0.7,39.2,1.02,3.51,268.8,24.0
37.3,23.4,75.1,0.99,0.0,175.5,92.4
44.7,14.6,83.7,-1.7,0.0,143.1,125.1
59.2,29.8,62.9,-0.76,1.67,204.2,63.5
106.3,14.9,39.0,1.5,0.0,298.5,26.2
44.0,14.1,37.9,-0.99,0.0,153.0,51.1
100.0,-1.2,21.2,1.95,4.08,331.9,10.2
48.6,-2.5,94.0,2.61,3.98,294.3,48.8
98.3,31.2,67.4,2.29,2.4,316.8,45.4
43.2,4.8,12.4,3.96,2.2,277.3,8.4
48.6,6.7,69.6,-0.18,1.73,206.1,65.0
28.5,24.2,50.2,0.35,0.3,168.5,65.0
57.2,5.2,97.5,0.64,1.99,229.0,80.5
59.2,32.8,83.7,-0.12,2.02,219.7,78.5
69.5,23.2,25.4,1.08,0.0,219.5,24.6
81.6,16.9,74.8,-3.42,0.0,173.3,94.5
86.2,29.6,53.7,0.41,1.56,257.6,44.2
35.5,-7.8,26.8,-2.75,4.5,244.5,15.3
47.8,1.6,72.9,-1.93,3.38,214.1,61.7
44.0,10.9,59.3,1.47,0.8,208.0,57.7
102.3,0.2,12.7,-0.4,3.75,297.7,7.5
103.9,23.5,68.2,1.4,0.0,291.4,47.6
93.4,31.4,67.1,-0.44,2.18,264.4,53.2
81.2,9.1,23.0,2.21,0.74,266.1,17.1
33.9,5.4,41.4,-0.48,1.78,202.8,37.7
40.1,33.3,62.7,-3.91,2.07,156.4,79.6
58.5,10.0,22.5,0.45,1.14,212.6,20.9
48.0,12.0,86.7,-4.34,0.0,107.4,178.2
29.0,5.8,12.5,-2.91,2.26,187.6,12.4
29.8,30.9,19.3,-1.77,2.14,199.0,21.1
97.8,15.6,20.4,-2.02,0.0,226.8,19.0
102.3,24.3,57.5,-1.09,0.3,253.5,49.1
93.2,26.5,65.8,-2.08,0.88,225.6,62.7
97.0,5.4,46.3,-2.81,2.24,236.3,37.3
28.0,9.5,36.0,3.08,0.56,218.4,33.6
45.4,28.2,82.8,-1.36,1.27,177.1,101.8
108.4,6.3,16.1,-4.46,1.59,228.7,13.2
67.9,25.7,35.2,-0.72,0.57,198.2,36.3
42.4,32.3,13.5,-2.25,1.94,178.1,15.3
63.8,18.0,11.3,-1.77,0.0,167.7,14.5
28.0,23.4,41.8,1.42,0.0,173.6,53.1
23.1,26.2,27.5,-0.9,1.01,178.8,34.4
28.6,28.0,34.2,-2.31,1.49,170.5,41.9
56.3,7.8,83.9,0.89,1.68,226.5,67.8
86.5,-7.7,24.7,2.3,4.5,320.4,11.2
32.6,8.1,80.2,1.07,1.84,228.9,65.9
36.5,20.3,70.8,-4.91,0.0,90.0,161.0
28.0,10.3,39.4,-2.23,1.41,169.1,45.8
20.3,23.7,59.2,0.09,0.0,148.3,84.5
74.8,6.1,50.0,-0.49,2.09,232.8,41.6
100.4,18.6,21.6,-0.65,0.0,253.0,18.8
103.6,-1.6,91.6,-1.97,4.0,279.0,51.9
25.2,23.7,61.3,-2.81,0.0,108.0,127.0
88.4,14.6,89.2,4.02,0.0,297.9,64.2
92.6,-0.8,84.1,0.05,3.39,283.5,50.2
48.4,3.1,17.2,1.28,3.0,254.3,12.4
24.5,23.7,28.7,0.01,0.0,149.9,40.8
39.7,11.7,23.1,0.09,0.55,178.3,26.9
93.9,-0.3,84.8,-0.12,3.78,287.1,48.3
80.0,33.5,87.6,-2.24,1.88,211.4,90.0
43.9,22.2,57.5,-3.03,0.0,122.2,101.5
82.5,33.1,19.4,0.77,2.25,265.1,15.9
28.4,9.2,22.2,0.38,1.2,200.7,22.7
44.4,11.4,83.2,1.88,0.74,213.0,80.7
97.9,30.4,93.6,1.47,1.66,296.3,67.6
105.8,13.6,28.0,-1.62,0.0,250.7,23.4
42.9,21.8,11.0,2.27,0.0,200.5,10.8
26.7,1.3,39.8,1.53,3.14,291.7,22.8
26.2,10.1,12.7,1.38,1.04,211.4,12.3
15.4,-4.4,84.5,4.5,4.5,350.0,37.8
99.6,-0.7,54.2,4.09,3.3,350.0,24.9
78.5,-10.0,67.8,1.38,4.5,296.8,30.9
85.2,-8.2,47.0,1.13,4.5,301.1,21.8
45.7,34.0,41.1,2.16,2.42,255.1,34.6
95.8,0.9,30.0,-1.17,3.71,274.1,19.8
29.7,19.8,79.3,-1.14,0.0,136.6,127.5
99.4,27.8,72.6,1.35,1.09,291.8,52.4
98.4,14.8,42.5,-1.71,0.0,232.7,39.0
96.9,-3.1,38.9,1.19,4.5,319.4,19.9
46.4,22.8,10.1,0.31,0.0,175.3,11.9
42.1,17.0,15.7,-1.71,0.0,140.0,23.7
43.4,22.9,66.1,0.05,0.0,168.0,86.4
110.4,24.6,56.3,2.61,0.3,327.6,38.4
53.8,33.9,49.1,0.16,2.5,228.9,46.1
36.8,15.8,84.5,0.17,0.0,162.8,109.5
26.0,5.4,55.4,0.66,1.79,229.4,45.1
101.7,19.2,44.6,0.92,0.0,279.5,34.7
37.8,-6.9,24.5,-0.66,4.5,270.2,13.2
94.7,30.4,83.9,0.7,1.91,281.2,63.8
102.9,-4.6,61.9,-2.1,4.21,277.8,33.8
104.9,4.8,18.3,-1.6,2.15,269.4,12.0
27.0,26.7,68.4,-1.34,0.92,165.5,95.5
51.4,16.9,48.3,0.94,0.0,190.9,54.6
